Player,Pos,Age,Tm,G,GS,MP,FG,FGA,FG%,3P,3PA,3P%,2P,2PA,2P%,eFG%,FT,FTA,FT%,ORB,DRB,TRB,AST,STL,BLK,TOV,PF,PTS
Precious Achiuwa,PF,21,MIA,55,3,12.4,2.0,3.8,.541,0.0,0.0,0,2.0,3.8,.541,.541,1.0,1.9,.515,1.3,2.3,3.6,0.5,0.3,0.5,0.7,1.6,5.0
Jaylen Adams,PG,24,MIL,7,0,2.6,0.1,1.1,.125,0.0,0.3,.000,0.1,0.9,.167,.125,0.0,0.0,0,0.0,0.4,0.4,0.3,0.0,0.0,0.0,0.1,0.3
Steven Adams,C,27,NOP,56,56,28.0,3.4,5.4,.620,0.0,0.1,.000,3.4,5.4,.627,.620,1.1,2.4,.444,3.8,5.2,9.0,1.9,0.9,0.7,1.4,2.0,7.8
Bam Adebayo,C,23,MIA,54,54,33.5,7.2,12.7,.566,0.0,0.1,.250,7.2,12.6,.570,.568,4.6,5.7,.803,2.3,6.9,9.1,5.3,1.1,1.1,2.7,2.2,19.1
LaMarcus Aldridge,C,35,TOT,26,23,25.9,5.4,11.4,.473,1.2,3.1,.388,4.2,8.3,.505,.525,1.6,1.8,.872,0.7,3.8,4.5,1.9,0.4,1.1,1.0,1.8,13.5
LaMarcus Aldridge,C,35,SAS,21,18,25.9,5.5,11.8,.464,1.3,3.6,.360,4.2,8.2,.509,.518,1.5,1.8,.838,0.8,3.7,4.5,1.7,0.4,0.9,1.0,1.7,13.7
LaMarcus Aldridge,C,35,BRK,5,5,26.0,5.0,9.6,.521,0.8,1.0,.800,4.2,8.6,.488,.563,2.0,2.0,1.000,0.4,4.4,4.8,2.6,0.6,2.2,1.4,2.2,12.8
Ty-Shon Alexander,SG,22,PHO,9,0,3.2,0.2,1.1,.200,0.1,0.8,.143,0.1,0.3,.333,.250,0.1,0.2,.500,0.1,0.4,0.6,0.1,0.0,0.1,0.1,0.1,0.7
Nickeil Alexander-Walker,SG,22,NOP,41,10,20.8,3.9,9.2,.418,1.6,4.6,.348,2.3,4.7,.487,.504,1.0,1.3,.750,0.2,2.8,3.1,2.0,1.0,0.5,1.4,1.9,10.2
Grayson Allen,SG,25,MEM,45,33,25.6,3.6,8.5,.428,2.3,5.7,.405,1.3,2.8,.476,.564,1.6,1.9,.857,0.3,2.9,3.2,2.2,1.0,0.2,1.0,1.4,11.2
Jarrett Allen,C,22,TOT,50,32,29.0,4.7,7.4,.636,0.1,0.3,.385,4.6,7.2,.645,.643,3.4,4.7,.715,2.9,6.9,9.8,1.6,0.5,1.5,1.5,1.6,12.9
Jarrett Allen,C,22,BRK,12,5,26.7,3.7,5.4,.677,0.0,0.0,0,3.7,5.4,.677,.677,3.8,5.1,.754,3.2,7.3,10.4,1.7,0.6,1.6,1.8,1.8,11.2
Jarrett Allen,C,22,CLE,38,27,29.7,5.1,8.1,.627,0.1,0.3,.385,4.9,7.7,.638,.636,3.2,4.6,.701,2.9,6.8,9.7,1.6,0.4,1.5,1.4,1.6,13.4
Al-Farouq Aminu,PF,30,TOT,20,14,19.6,1.8,4.6,.391,0.4,1.7,.212,1.5,3.0,.492,.429,0.8,1.0,.842,1.0,4.0,5.0,1.5,0.9,0.5,1.4,1.3,4.8
Al-Farouq Aminu,PF,30,ORL,17,14,21.6,2.1,5.2,.404,0.4,1.8,.226,1.7,3.4,.500,.444,0.8,1.0,.824,1.2,4.2,5.4,1.7,1.0,0.5,1.5,1.3,5.5
Al-Farouq Aminu,PF,30,CHI,3,0,8.0,0.0,1.0,.000,0.0,0.7,.000,0.0,0.3,.000,.000,0.7,0.7,1.000,0.0,3.0,3.0,0.3,0.0,0.0,0.7,1.0,0.7
Kyle Anderson,PF,27,MEM,56,56,27.4,4.4,9.6,.459,1.3,3.9,.343,3.1,5.8,.537,.528,2.0,2.6,.779,0.8,5.2,6.0,3.6,1.3,0.8,1.2,1.8,12.2
Giannis Antetokounmpo,PF,26,MIL,50,50,33.6,10.3,18.2,.566,1.1,3.6,.300,9.2,14.6,.632,.596,6.8,10.0,.679,1.7,9.6,11.3,6.0,1.2,1.3,3.7,2.7,28.4
Kostas Antetokounmpo,PF,23,LAL,14,0,3.8,0.2,0.7,.300,0.0,0.0,0,0.2,0.7,.300,.300,0.4,0.9,.462,0.3,1.1,1.4,0.1,0.1,0.3,0.7,0.5,0.9
Thanasis Antetokounmpo,SF,28,MIL,47,2,10.4,1.4,2.7,.524,0.1,0.5,.292,1.3,2.2,.578,.552,0.4,0.8,.462,1.1,1.4,2.5,0.9,0.4,0.2,0.9,1.4,3.3
Carmelo Anthony,PF,36,POR,58,3,25.0,4.8,11.6,.413,1.8,4.7,.389,3.0,6.9,.430,.493,2.1,2.4,.878,0.5,2.7,3.2,1.6,0.7,0.6,1.0,2.1,13.6
Cole Anthony,PG,20,ORL,34,21,26.6,4.3,11.2,.387,1.1,3.5,.303,3.3,7.7,.425,.434,1.9,2.4,.825,0.9,3.6,4.5,4.2,0.7,0.4,1.9,2.1,11.6
OG Anunoby,SF,23,TOR,39,39,33.2,5.5,11.6,.479,2.4,6.0,.402,3.1,5.6,.562,.583,1.9,2.4,.777,1.3,4.3,5.6,2.0,1.6,0.7,1.8,2.8,15.4
Ryan Arcidiacono,PG,26,CHI,35,0,10.9,1.1,2.8,.394,0.5,1.6,.316,0.6,1.2,.500,.485,0.3,0.5,.750,0.1,1.5,1.6,1.4,0.2,0.0,0.2,1.2,3.1
Trevor Ariza,SF,35,MIA,20,17,27.0,2.9,7.3,.393,1.5,4.2,.357,1.4,3.1,.443,.497,1.1,1.4,.750,0.8,3.8,4.5,1.8,0.7,0.6,0.6,1.7,8.3
D.J. Augustin,PG,33,TOT,51,6,19.2,2.2,5.6,.385,1.3,3.5,.374,0.8,2.1,.402,.502,1.4,1.5,.932,0.4,1.3,1.6,3.3,0.5,0.0,1.1,1.0,7.0
D.J. Augustin,PG,33,MIL,37,6,19.3,1.9,5.2,.370,1.3,3.5,.380,0.6,1.7,.349,.497,1.0,1.1,.900,0.3,1.1,1.4,3.0,0.5,0.0,0.9,0.9,6.1
D.J. Augustin,PG,33,HOU,14,0,19.1,2.8,6.7,.415,1.3,3.6,.360,1.5,3.1,.477,.511,2.4,2.4,.971,0.5,1.8,2.3,4.0,0.4,0.0,1.5,1.3,9.2
Deni Avdija,SF,20,WAS,54,32,23.3,2.4,5.8,.417,1.0,3.1,.315,1.4,2.7,.535,.502,0.5,0.8,.644,0.4,4.4,4.9,1.2,0.6,0.3,0.6,2.6,6.3
Deandre Ayton,C,22,PHO,59,59,30.7,6.5,10.4,.623,0.1,0.3,.200,6.4,10.1,.637,.626,2.0,2.6,.770,3.3,7.4,10.7,1.4,0.5,1.1,1.6,2.9,15.0
Udoka Azubuike,C,21,UTA,12,0,4.1,0.3,0.6,.571,0.0,0.0,0,0.3,0.6,.571,.571,0.3,0.5,.667,0.3,0.8,1.1,0.0,0.1,0.3,0.3,0.7,1.0
Dwayne Bacon,SG,25,ORL,59,39,25.1,3.8,9.6,.399,0.9,3.0,.309,2.9,6.6,.440,.447,1.8,2.2,.843,0.3,2.7,3.0,1.2,0.6,0.1,0.6,1.5,10.4
Marvin Bagley III,PF,21,SAC,37,37,25.7,5.6,11.2,.502,0.9,2.6,.354,4.7,8.6,.547,.543,1.6,2.9,.560,2.5,5.0,7.4,0.9,0.5,0.5,1.3,2.4,13.9
LaMelo Ball,PG,19,CHO,41,21,28.6,5.8,12.8,.451,2.0,5.3,.375,3.8,7.6,.503,.528,2.4,3.0,.789,1.3,4.5,5.9,6.1,1.6,0.3,2.8,2.8,15.9
Lonzo Ball,PG,23,NOP,46,46,31.1,5.1,12.2,.420,3.0,7.9,.382,2.1,4.2,.492,.545,0.8,1.0,.792,0.5,3.6,4.1,5.6,1.4,0.6,2.0,2.0,14.1
Mo Bamba,C,22,ORL,35,1,13.1,2.7,5.8,.475,0.8,2.3,.354,1.9,3.5,.553,.545,0.7,1.0,.639,1.4,3.3,4.7,0.5,0.2,1.0,0.7,1.7,6.9
Desmond Bane,SG,22,MEM,54,12,22.2,3.5,7.3,.475,1.8,3.8,.459,1.7,3.5,.492,.595,0.6,0.8,.833,0.4,2.7,3.0,1.7,0.6,0.2,0.9,1.9,9.4
Harrison Barnes,PF,28,SAC,56,56,36.4,5.4,11.0,.494,1.6,4.3,.379,3.8,6.7,.568,.568,3.4,4.1,.827,1.1,5.5,6.6,3.5,0.8,0.2,1.6,1.3,15.9
RJ Barrett,SG,20,NYK,61,61,34.4,6.5,14.6,.447,1.5,3.9,.388,5.0,10.7,.469,.499,3.0,4.0,.744,1.0,4.7,5.7,3.0,0.7,0.3,2.0,2.6,17.6
Will Barton,SF,30,DEN,56,52,31.0,4.6,10.9,.426,1.8,4.6,.381,2.9,6.3,.459,.507,1.7,2.2,.785,0.7,3.3,4.0,3.2,0.9,0.4,1.7,1.7,12.7
Keita Bates-Diop,SF,25,SAS,22,0,6.9,0.7,1.9,.381,0.2,0.7,.333,0.5,1.2,.407,.440,0.5,0.7,.733,0.2,0.9,1.1,0.4,0.4,0.1,0.1,0.3,2.2
Nicolas Batum,SF,32,LAC,58,38,28.4,2.9,6.4,.458,1.7,4.2,.406,1.2,2.2,.559,.592,0.8,0.9,.846,0.8,4.1,4.9,2.4,1.1,0.6,0.9,1.6,8.3
Aron Baynes,C,34,TOR,50,31,18.2,2.4,5.6,.431,0.4,1.9,.237,2.0,3.8,.527,.470,0.5,0.7,.730,1.7,3.4,5.1,0.9,0.3,0.4,0.9,2.3,5.8
Kent Bazemore,SF,31,GSW,57,8,18.1,2.4,5.4,.448,1.1,2.5,.417,1.4,2.9,.476,.545,0.8,1.1,.692,0.4,2.6,3.1,1.6,1.0,0.5,1.2,2.2,6.7
Darius Bazley,PF,20,OKC,44,44,31.2,4.8,12.1,.401,1.5,5.3,.289,3.3,6.8,.488,.464,2.0,2.8,.719,0.8,6.6,7.4,1.5,0.6,0.5,2.0,1.0,13.2
Bradley Beal,SG,27,WAS,50,50,35.5,10.9,22.6,.483,2.2,6.4,.349,8.7,16.2,.536,.532,7.0,7.8,.900,1.1,3.7,4.8,4.7,1.2,0.4,3.3,2.3,31.1
Malik Beasley,SG,24,MIN,37,36,32.8,7.1,16.2,.440,3.5,8.7,.399,3.7,7.5,.487,.547,1.8,2.2,.850,0.8,3.6,4.4,2.4,0.8,0.2,1.6,1.7,19.6
Jordan Bell,C,26,WAS,5,1,13.4,1.4,4.0,.350,0.0,0.4,.000,1.4,3.6,.389,.350,0.0,0.0,0,1.2,2.6,3.8,1.0,0.6,0.6,0.6,1.0,2.8
DeAndre' Bembry,SF,26,TOR,39,11,18.1,2.1,3.9,.533,0.2,0.8,.273,1.8,3.1,.605,.563,0.8,1.1,.698,0.6,2.0,2.7,2.0,0.8,0.4,1.3,1.5,5.2
Dāvis Bertāns,PF,28,WAS,44,5,24.6,3.4,8.3,.413,3.0,7.5,.407,0.4,0.8,.459,.596,1.8,2.0,.885,0.3,2.7,3.0,0.9,0.6,0.2,0.6,2.5,11.7
Patrick Beverley,PG,32,LAC,31,31,23.4,2.6,6.1,.432,1.7,4.0,.416,1.0,2.1,.462,.568,1.1,1.3,.805,0.9,2.7,3.6,2.1,0.8,0.8,0.9,3.1,8.0
Saddiq Bey,SF,21,DET,59,42,25.9,3.7,9.1,.403,2.3,6.2,.375,1.4,3.0,.463,.530,1.7,1.9,.868,0.6,3.6,4.2,1.2,0.7,0.1,0.8,1.6,11.3
Tyler Bey,SF,22,DAL,11,0,3.5,0.4,1.1,.333,0.0,0.1,.000,0.4,1.0,.364,.333,0.2,0.4,.500,0.5,0.7,1.2,0.1,0.0,0.1,0.0,0.4,0.9
Khem Birch,C,28,TOT,55,10,20.7,2.2,4.6,.469,0.1,0.5,.250,2.0,4.1,.496,.482,1.3,1.8,.710,2.5,2.7,5.2,1.1,0.7,0.7,0.5,1.5,5.7
Khem Birch,C,28,ORL,48,5,19.8,2.0,4.4,.450,0.1,0.4,.190,1.9,3.9,.479,.459,1.3,1.8,.741,2.4,2.6,5.1,1.1,0.7,0.6,0.5,1.4,5.3
Khem Birch,C,28,TOR,7,5,26.3,3.6,6.4,.556,0.4,1.0,.429,3.1,5.4,.579,.589,1.1,2.1,.533,2.7,3.6,6.3,1.1,0.7,1.4,0.9,2.1,8.7
Goga Bitadze,C,21,IND,37,2,11.3,1.9,4.1,.458,0.4,1.5,.268,1.5,2.6,.567,.507,0.9,1.2,.756,1.3,1.9,3.2,0.7,0.2,1.2,0.4,1.9,5.1
Bismack Biyombo,C,28,CHO,53,30,20.9,2.2,3.9,.571,0.0,0.0,.000,2.2,3.8,.574,.571,0.8,1.7,.478,2.1,3.2,5.3,1.3,0.3,1.1,1.0,2.3,5.2
Nemanja Bjelica,PF,32,TOT,34,1,15.5,2.3,5.1,.448,0.6,2.2,.270,1.7,2.9,.580,.506,1.0,1.3,.733,0.7,2.7,3.4,1.7,0.3,0.1,0.9,1.9,6.1
Nemanja Bjelica,PF,32,SAC,26,1,16.9,2.7,5.8,.460,0.7,2.2,.293,2.0,3.5,.565,.517,1.2,1.6,.762,0.9,2.9,3.8,1.9,0.3,0.1,1.1,1.8,7.2
Nemanja Bjelica,PF,32,MIA,8,0,10.9,1.1,3.0,.375,0.4,2.0,.188,0.8,1.0,.750,.438,0.1,0.4,.333,0.1,1.9,2.0,1.1,0.3,0.3,0.4,1.9,2.8
Eric Bledsoe,SG,31,NOP,59,58,29.8,4.1,10.0,.409,1.8,5.1,.352,2.3,4.9,.469,.499,1.8,2.4,.722,0.4,3.0,3.4,3.7,0.7,0.3,1.6,1.6,11.8
Keljin Blevins,SF,25,POR,10,0,5.1,0.2,1.4,.143,0.0,0.5,.000,0.2,0.9,.222,.143,0.0,0.0,0,0.0,0.2,0.2,0.4,0.2,0.0,0.3,0.4,0.4
Bogdan Bogdanović,SG,28,ATL,35,18,28.6,5.5,12.0,.455,2.9,7.0,.418,2.5,5.0,.506,.576,0.9,1.0,.912,0.5,3.2,3.7,3.2,0.9,0.3,1.2,2.2,14.7
Bojan Bogdanović,SF,31,UTA,60,60,30.6,5.2,12.2,.425,2.5,6.4,.387,2.7,5.8,.466,.526,2.9,3.3,.870,0.6,3.3,3.9,1.9,0.6,0.1,1.6,1.6,15.7
Bol Bol,PF,21,DEN,26,2,4.8,0.9,1.7,.511,0.3,0.8,.450,0.5,1.0,.560,.611,0.3,0.5,.583,0.0,0.7,0.7,0.3,0.1,0.4,0.5,0.5,2.4
Marques Bolden,C,22,CLE,6,0,4.8,0.2,0.5,.333,0.0,0.0,0,0.2,0.5,.333,.333,0.8,1.3,.625,0.5,0.5,1.0,0.0,0.3,0.3,0.3,0.0,1.2
Jordan Bone,PG,23,ORL,14,0,14.0,1.6,3.9,.426,0.7,2.3,.313,0.9,1.6,.591,.519,0.0,0.0,0,0.3,1.4,1.7,1.3,0.1,0.0,0.2,0.8,4.0
Isaac Bonga,SF,21,WAS,37,8,11.3,0.8,2.1,.385,0.4,1.2,.283,0.5,0.9,.531,.468,0.1,0.2,.625,0.5,1.3,1.8,0.6,0.3,0.2,0.6,1.6,2.1
Devin Booker,SG,24,PHO,55,55,33.6,9.2,19.1,.482,1.9,5.7,.342,7.2,13.4,.541,.533,4.8,5.6,.860,0.5,3.7,4.2,4.5,0.9,0.3,3.2,2.9,25.1
Chris Boucher,C,28,TOR,59,13,24.0,4.8,9.2,.519,1.5,3.8,.389,3.3,5.4,.611,.600,2.5,3.2,.787,2.0,4.8,6.7,1.1,0.6,1.9,0.8,2.8,13.6
Brian Bowen,SF,22,IND,6,0,2.5,0.2,0.7,.250,0.0,0.2,.000,0.2,0.5,.333,.250,0.2,0.2,1.000,0.0,0.5,0.5,0.0,0.0,0.0,0.0,0.2,0.5
Avery Bradley,SG,30,TOT,24,4,22.1,2.5,6.4,.383,1.3,3.8,.341,1.2,2.6,.444,.484,0.5,0.6,.800,0.3,1.9,2.2,1.8,0.7,0.1,0.9,2.1,6.7
Avery Bradley,SG,30,MIA,10,1,21.1,3.1,6.6,.470,1.6,3.8,.421,1.5,2.8,.536,.591,0.7,0.9,.778,0.2,1.6,1.8,1.4,0.7,0.1,0.9,2.6,8.5
Avery Bradley,SG,30,HOU,14,3,22.8,2.0,6.3,.318,1.1,3.8,.283,0.9,2.5,.371,.403,0.4,0.4,.833,0.4,2.1,2.5,2.0,0.7,0.1,0.9,1.7,5.4
Tony Bradley,C,23,TOT,35,8,16.3,3.1,4.7,.661,0.0,0.1,.000,3.1,4.6,.673,.661,0.8,1.2,.707,2.1,3.6,5.7,0.8,0.4,0.7,0.8,1.5,7.1
Tony Bradley,C,23,PHI,20,8,14.4,2.6,3.8,.680,0.0,0.1,.000,2.6,3.7,.689,.680,0.4,0.6,.636,2.0,3.3,5.2,0.9,0.3,0.7,0.3,1.4,5.5
Tony Bradley,C,23,OKC,15,0,18.8,3.9,6.0,.644,0.0,0.1,.000,3.9,5.9,.659,.644,1.5,2.0,.733,2.3,4.1,6.4,0.8,0.5,0.7,1.4,1.7,9.2
Jarrell Brantley,PF,24,UTA,21,0,4.5,0.7,1.6,.455,0.3,1.0,.350,0.4,0.6,.615,.561,0.1,0.1,1.000,0.3,0.7,1.0,0.3,0.1,0.1,0.1,0.7,1.9
Ignas Brazdeikis,SF,22,TOT,5,0,3.0,0.0,0.8,.000,0.0,0.2,.000,0.0,0.6,.000,.000,0.4,0.4,1.000,0.2,0.6,0.8,0.2,0.0,0.0,0.2,0.0,0.4
Ignas Brazdeikis,SF,22,NYK,4,0,1.8,0.0,0.3,.000,0.0,0.0,0,0.0,0.3,.000,.000,0.5,0.5,1.000,0.3,0.3,0.5,0.3,0.0,0.0,0.3,0.0,0.5
Ignas Brazdeikis,SF,22,PHI,1,0,8.0,0.0,3.0,.000,0.0,1.0,.000,0.0,2.0,.000,.000,0.0,0.0,0,0.0,2.0,2.0,0.0,0.0,0.0,0.0,0.0,0.0
Mikal Bridges,SF,24,PHO,59,59,32.5,4.9,9.3,.526,1.8,4.4,.405,3.2,5.0,.633,.621,1.5,1.8,.829,1.1,3.3,4.4,2.2,0.9,0.9,0.8,1.6,13.1
Miles Bridges,PF,22,CHO,59,13,28.4,4.4,8.7,.505,1.6,4.1,.404,2.7,4.6,.594,.600,1.3,1.6,.848,1.2,4.8,6.1,2.1,0.7,0.7,1.6,2.1,11.7
Oshae Brissett,SF,22,IND,8,3,16.3,2.8,5.0,.550,1.0,2.4,.421,1.8,2.6,.667,.650,1.4,2.0,.688,1.5,2.4,3.9,0.5,0.5,0.6,0.3,0.8,7.9
Malcolm Brogdon,PG,28,IND,53,53,35.1,8.1,17.8,.454,2.7,6.7,.395,5.4,11.1,.491,.529,2.7,3.2,.862,1.1,4.2,5.2,5.9,0.9,0.3,2.0,2.0,21.6
Armoni Brooks,SG,22,HOU,9,3,23.6,2.9,7.7,.377,2.3,6.7,.350,0.6,1.0,.556,.529,0.2,0.6,.400,0.6,3.4,4.0,1.4,0.4,0.1,1.2,1.4,8.3
Dillon Brooks,SF,25,MEM,54,54,29.5,6.4,15.2,.420,1.9,5.5,.346,4.5,9.7,.461,.482,2.1,2.6,.835,0.8,2.1,2.9,2.4,1.2,0.4,1.9,3.5,16.8
Bruce Brown,PG,24,BRK,56,32,22.6,3.6,6.6,.546,0.3,1.0,.291,3.3,5.6,.590,.568,1.4,1.9,.731,1.7,3.6,5.3,1.6,0.9,0.4,0.9,2.3,8.9
Jaylen Brown,SG,24,BOS,53,53,34.2,9.3,18.8,.496,2.7,6.8,.404,6.6,12.0,.548,.569,3.2,4.2,.754,1.2,4.6,5.8,3.4,1.2,0.5,2.7,2.9,24.5
Moses Brown,C,21,OKC,31,20,20.3,3.3,6.0,.543,0.0,0.0,0,3.3,6.0,.543,.543,1.9,3.0,.628,3.3,5.0,8.3,0.2,0.6,1.1,1.0,2.1,8.4
Sterling Brown,SG,25,HOU,51,14,24.1,2.9,6.6,.448,1.8,4.2,.423,1.2,2.4,.492,.584,0.5,0.6,.806,0.7,3.6,4.4,1.4,0.7,0.2,0.8,1.9,8.2
Troy Brown Jr.,SF,21,TOT,34,0,15.4,1.8,4.2,.431,0.6,2.1,.314,1.2,2.2,.541,.507,0.4,0.6,.714,0.6,2.5,3.1,0.9,0.3,0.2,0.6,1.4,4.7
Troy Brown Jr.,SF,21,WAS,21,0,13.7,1.6,4.2,.371,0.7,2.2,.304,0.9,2.0,.442,.449,0.5,0.7,.667,0.5,2.4,2.9,0.9,0.1,0.2,0.8,1.4,4.3
Troy Brown Jr.,SF,21,CHI,13,0,18.2,2.2,4.2,.527,0.6,1.8,.333,1.6,2.4,.677,.600,0.4,0.5,.833,0.7,2.7,3.4,0.8,0.5,0.2,0.4,1.5,5.5
Jalen Brunson,PG,24,DAL,55,11,25.5,4.8,9.1,.525,1.1,2.9,.391,3.6,6.2,.588,.588,1.9,2.5,.785,0.5,3.2,3.6,3.5,0.5,0.0,1.3,1.7,12.6
Thomas Bryant,C,23,WAS,10,10,27.1,5.9,9.1,.648,0.9,2.1,.429,5.0,7.0,.714,.698,1.6,2.4,.667,1.8,4.3,6.1,1.5,0.4,0.8,1.1,3.1,14.3
Reggie Bullock,SF,29,NYK,54,53,28.9,3.7,8.3,.440,2.4,5.9,.407,1.3,2.5,.519,.583,0.6,0.7,.895,0.2,3.1,3.4,1.5,0.8,0.2,0.7,2.2,10.4
Trey Burke,PG,28,DAL,49,0,14.3,2.4,5.4,.444,1.0,2.7,.362,1.4,2.8,.522,.532,0.7,0.8,.850,0.1,0.8,0.9,1.3,0.6,0.1,0.5,1.0,6.5
Alec Burks,SG,29,NYK,44,5,25.8,4.2,10.1,.414,2.0,5.0,.408,2.2,5.1,.420,.515,2.2,2.5,.865,0.4,4.1,4.5,2.2,0.7,0.3,1.0,2.1,12.6
Jimmy Butler,SF,31,MIA,44,44,33.9,7.0,14.3,.493,0.4,2.0,.218,6.6,12.3,.537,.508,6.8,7.9,.857,1.8,5.2,7.0,7.3,2.1,0.4,2.3,1.5,21.3
Bruno Caboclo,PF,25,HOU,6,0,6.0,1.3,2.8,.471,0.0,0.8,.000,1.3,2.0,.667,.471,0.2,0.3,.500,0.5,1.8,2.3,0.2,0.0,0.3,0.7,1.0,2.8
Devontae Cacok,PF,24,LAL,17,1,5.2,1.0,1.6,.630,0.0,0.0,0,1.0,1.6,.630,.630,0.2,0.5,.444,0.6,1.2,1.8,0.1,0.3,0.2,0.3,0.5,2.2
Kentavious Caldwell-Pope,SG,27,LAL,55,55,27.4,3.3,7.6,.433,1.8,4.3,.424,1.5,3.3,.444,.553,1.3,1.5,.857,0.4,2.2,2.7,1.6,0.8,0.3,1.0,1.6,9.7
Facundo Campazzo,PG,29,DEN,54,8,19.9,1.6,4.3,.375,1.1,3.1,.370,0.5,1.2,.388,.506,0.9,1.1,.845,0.3,1.4,1.6,3.1,1.0,0.2,1.0,2.1,5.3
Vlatko Čančar,PF,23,DEN,33,0,5.5,0.5,1.3,.405,0.2,0.7,.227,0.4,0.6,.600,.464,0.2,0.2,.875,0.2,0.9,1.1,0.3,0.3,0.1,0.4,0.4,1.4
Devin Cannady,PG,24,ORL,7,0,10.4,1.6,4.0,.393,0.9,2.3,.375,0.7,1.7,.417,.500,0.9,1.0,.857,0.0,0.7,0.7,0.1,0.7,0.1,0.3,1.1,4.9
Clint Capela,C,26,ATL,52,52,30.5,6.8,11.3,.604,0.0,0.0,0,6.8,11.3,.604,.604,2.1,3.7,.579,4.9,9.8,14.7,0.8,0.7,2.2,1.2,2.3,15.7
Vernon Carey Jr.,C,19,CHO,14,4,6.6,1.0,2.0,.500,0.1,0.5,.143,0.9,1.5,.619,.518,0.6,0.6,.889,0.2,1.3,1.5,0.1,0.1,0.2,0.4,0.8,2.6
Jevon Carter,PG,25,PHO,47,0,11.1,1.4,3.4,.424,0.9,2.4,.375,0.5,1.0,.543,.557,0.0,0.1,.500,0.3,1.2,1.5,1.1,0.4,0.2,0.2,1.0,3.8
Wendell Carter Jr.,C,21,TOT,45,35,25.7,4.5,8.4,.534,0.3,0.9,.333,4.2,7.6,.557,.551,2.6,3.6,.731,2.4,5.7,8.1,2.0,0.7,0.8,1.5,2.8,11.9
Wendell Carter Jr.,C,21,CHI,32,25,24.8,4.0,7.9,.512,0.3,0.7,.364,3.8,7.2,.526,.528,2.6,3.5,.739,2.2,5.6,7.8,2.2,0.6,0.8,1.5,3.0,10.9
Wendell Carter Jr.,C,21,ORL,13,10,28.1,5.7,9.8,.578,0.4,1.3,.294,5.3,8.5,.622,.598,2.7,3.8,.714,3.0,5.8,8.8,1.8,1.2,0.9,1.5,2.3,14.5
Michael Carter-Williams,SG,29,ORL,31,25,25.8,3.4,8.7,.389,0.5,2.0,.246,2.9,6.7,.431,.417,1.6,2.6,.613,1.3,3.2,4.5,4.2,0.8,0.5,2.2,2.6,8.8
Alex Caruso,PG,26,LAL,50,0,20.5,2.1,4.8,.429,0.9,2.3,.404,1.1,2.5,.452,.525,0.8,1.2,.672,0.5,2.4,2.9,2.5,1.2,0.3,1.2,1.8,5.9
Willie Cauley-Stein,C,27,DAL,40,11,17.0,2.2,3.6,.627,0.0,0.2,.111,2.2,3.3,.662,.630,1.1,1.7,.657,1.2,3.1,4.2,0.7,0.3,0.8,0.5,2.4,5.6
Chris Chiozza,PG,25,BRK,22,1,10.5,1.4,4.0,.352,0.6,1.9,.310,0.8,2.1,.391,.426,0.6,0.8,.765,0.1,1.0,1.1,3.0,0.3,0.3,0.7,0.9,4.0
Marquese Chriss,PF,23,GSW,2,0,13.5,2.5,7.0,.357,0.5,2.5,.200,2.0,4.5,.444,.393,1.0,2.0,.500,1.5,5.0,6.5,1.0,0.0,1.0,1.0,1.5,6.5
Gary Clark,SF,26,TOT,37,11,17.3,1.1,3.5,.305,0.8,2.9,.287,0.2,0.6,.391,.424,0.2,0.3,.800,0.9,2.2,3.1,0.8,0.3,0.2,0.5,0.9,3.2
Gary Clark,SF,26,ORL,35,11,18.2,1.1,3.7,.305,0.9,3.1,.287,0.3,0.7,.391,.424,0.2,0.3,.800,0.9,2.3,3.2,0.9,0.3,0.2,0.5,1.0,3.4
Gary Clark,SF,26,DEN,2,0,2.0,0.0,0.0,0,0.0,0.0,0,0.0,0.0,0,0,0.0,0.0,0,0.0,0.5,0.5,0.0,0.0,0.0,0.0,0.0,0.0
Brandon Clarke,PF,24,MEM,48,16,25.1,4.6,8.8,.519,0.4,1.3,.297,4.2,7.5,.558,.541,1.3,1.9,.667,1.5,4.0,5.5,1.7,1.0,0.8,0.6,1.5,10.9
Jordan Clarkson,SG,28,UTA,56,1,26.0,6.4,15.1,.422,3.0,8.7,.349,3.3,6.4,.521,.522,1.7,1.8,.922,0.7,3.3,4.0,2.2,0.9,0.2,1.7,1.5,17.5
Nicolas Claxton,C,21,BRK,25,1,18.5,2.8,4.8,.583,0.0,0.2,.200,2.8,4.6,.600,.588,0.9,1.8,.500,1.4,3.6,5.0,1.1,0.8,1.2,0.6,2.1,6.6
Amir Coffey,SG,23,LAC,42,1,8.8,1.0,2.2,.436,0.5,1.2,.412,0.5,1.0,.465,.548,0.6,0.9,.694,0.2,0.8,1.0,0.5,0.2,0.0,0.3,0.6,3.0
John Collins,PF,23,ATL,51,51,30.0,7.0,12.7,.548,1.2,3.3,.377,5.7,9.5,.607,.596,2.7,3.2,.835,2.1,5.6,7.7,1.4,0.5,1.0,1.3,3.2,17.9
Mike Conley,PG,33,UTA,48,48,29.8,5.6,12.6,.444,2.7,6.7,.409,2.9,5.9,.482,.552,2.4,2.7,.863,0.7,2.6,3.3,6.0,1.4,0.2,2.0,2.0,16.3
Pat Connaughton,SG,28,MIL,56,3,23.1,2.6,5.7,.452,1.5,3.9,.389,1.1,1.8,.590,.586,0.5,0.6,.743,1.0,3.9,4.9,1.2,0.7,0.3,0.5,1.5,7.2
Quinn Cook,PG,27,TOT,23,0,6.8,1.3,3.0,.426,0.5,1.1,.423,0.8,1.8,.429,.507,0.3,0.3,.875,0.1,0.7,0.7,0.8,0.2,0.0,0.3,0.4,3.3
Quinn Cook,PG,27,LAL,16,0,3.9,0.8,1.6,.462,0.3,0.8,.385,0.4,0.8,.538,.558,0.3,0.3,.800,0.0,0.3,0.3,0.3,0.1,0.1,0.2,0.1,2.1
Quinn Cook,PG,27,CLE,7,0,13.6,2.4,6.0,.405,0.9,1.9,.462,1.6,4.1,.379,.476,0.4,0.4,1.000,0.3,1.4,1.7,1.9,0.4,0.0,0.6,1.1,6.1
Tyler Cook,PF,23,BRK,4,0,4.3,0.3,0.8,.333,0.0,0.0,0,0.3,0.8,.333,.333,0.0,0.0,0,0.3,0.3,0.5,0.5,0.0,0.0,0.3,0.5,0.5
Tyler Cook,SF,23,DET,17,1,13.8,1.9,3.1,.615,0.0,0.0,0,1.9,3.1,.615,.615,0.5,1.1,.474,0.9,2.2,3.1,0.5,0.3,0.0,0.8,1.2,4.3
DeMarcus Cousins,C,30,TOT,33,11,18.1,3.0,7.6,.394,1.3,3.8,.347,1.7,3.8,.441,.480,1.5,2.2,.694,1.3,5.6,6.9,2.1,0.7,0.6,1.7,2.7,8.8
DeMarcus Cousins,C,30,HOU,25,11,20.2,3.2,8.4,.376,1.6,4.6,.336,1.6,3.8,.426,.469,1.8,2.4,.746,1.2,6.4,7.6,2.4,0.8,0.7,1.6,3.0,9.6
DeMarcus Cousins,C,30,LAC,8,0,11.5,2.5,5.1,.488,0.5,1.0,.500,2.0,4.1,.485,.537,0.8,1.6,.462,1.5,3.0,4.5,1.3,0.4,0.1,2.0,1.8,6.3
Robert Covington,PF,30,POR,57,57,32.1,3.1,7.4,.414,2.0,5.1,.386,1.1,2.3,.477,.547,0.7,0.9,.824,0.8,5.8,6.6,1.7,1.5,1.2,1.1,2.7,8.9
Torrey Craig,SF,30,TOT,37,0,13.8,1.8,3.7,.478,0.6,1.8,.369,1.1,2.0,.575,.565,0.2,0.3,.600,0.9,2.4,3.4,0.9,0.6,0.4,0.5,1.5,4.4
Torrey Craig,SF,30,MIL,18,0,11.2,1.0,2.6,.391,0.4,1.2,.364,0.6,1.3,.417,.478,0.1,0.1,.500,0.7,1.7,2.4,0.9,0.5,0.4,0.3,1.3,2.5
Torrey Craig,SF,30,PHO,19,0,16.2,2.5,4.8,.522,0.8,2.3,.372,1.7,2.6,.653,.609,0.3,0.4,.625,1.2,3.2,4.3,0.9,0.7,0.4,0.6,1.7,6.2
Jae Crowder,PF,30,PHO,55,39,27.4,3.3,8.1,.401,2.4,6.2,.381,0.9,1.9,.467,.547,0.9,1.2,.761,0.5,4.3,4.8,2.1,0.8,0.4,0.9,2.0,9.8
Jarrett Culver,SG,21,MIN,34,7,14.7,2.0,4.9,.411,0.4,1.6,.245,1.6,3.4,.487,.449,0.9,1.4,.604,1.0,2.1,3.1,0.7,0.5,0.3,0.8,1.7,5.3
Seth Curry,SG,30,PHI,47,47,28.9,4.4,9.9,.447,2.0,4.8,.418,2.4,5.1,.475,.549,1.3,1.4,.896,0.2,1.9,2.1,2.8,0.8,0.2,1.2,1.7,12.1
Stephen Curry,PG,32,GSW,52,52,34.0,10.2,20.9,.489,5.1,12.0,.425,5.1,8.9,.575,.611,5.6,6.0,.924,0.5,5.1,5.6,5.8,1.2,0.1,3.3,1.9,31.2
Nate Darling,SG,22,CHO,6,0,4.0,0.3,1.2,.286,0.3,1.2,.286,0.0,0.0,0,.429,0.5,0.5,1.000,0.2,0.0,0.2,0.2,0.0,0.2,0.2,0.2,1.5
Anthony Davis,PF,27,LAL,25,25,32.0,8.4,16.5,.512,0.7,2.6,.262,7.8,13.9,.559,.533,4.0,5.6,.714,2.0,6.0,8.0,3.0,1.3,1.7,1.9,1.7,21.6
Ed Davis,C,31,MIN,22,7,13.3,0.9,2.0,.432,0.0,0.0,0,0.9,2.0,.432,.432,0.5,0.5,.833,2.1,3.0,5.1,1.0,0.6,0.6,0.3,2.5,2.2
Terence Davis,SG,23,TOT,48,4,15.5,2.7,6.4,.420,1.4,3.8,.363,1.3,2.6,.504,.528,0.5,0.6,.828,0.3,1.7,2.0,1.1,0.5,0.2,0.9,1.4,7.3
Terence Davis,SG,23,TOR,34,4,14.5,2.6,6.2,.414,1.3,3.6,.361,1.3,2.6,.489,.519,0.5,0.5,.889,0.3,1.7,1.9,1.1,0.5,0.2,0.9,1.4,6.9
Terence Davis,SG,23,SAC,14,0,17.8,3.0,6.9,.433,1.6,4.3,.367,1.4,2.6,.541,.546,0.6,0.8,.727,0.2,1.9,2.1,1.1,0.6,0.2,1.1,1.4,8.1
Dewayne Dedmon,C,31,MIA,6,0,13.3,2.7,4.0,.667,0.0,0.5,.000,2.7,3.5,.762,.667,1.5,1.7,.900,2.2,3.3,5.5,0.3,0.8,0.7,0.8,1.3,6.8
Matthew Dellavedova,PG,30,CLE,12,1,17.2,1.0,4.3,.235,0.3,1.8,.136,0.8,2.4,.310,.265,0.3,0.3,1.000,0.5,1.4,1.9,4.8,0.3,0.0,0.5,1.4,2.6
DeMar DeRozan,PF,31,SAS,50,50,34.0,7.3,14.9,.492,0.4,1.4,.257,7.0,13.5,.516,.504,6.2,7.0,.883,0.8,3.7,4.4,7.2,0.9,0.3,2.0,2.0,21.2
Mamadi Diakite,PF,24,MIL,12,0,8.5,1.0,2.4,.414,0.1,0.6,.143,0.9,1.8,.500,.431,0.5,0.5,1.000,0.5,1.8,2.3,0.5,0.3,0.4,0.3,1.0,2.6
Hamidou Diallo,SG,22,OKC,32,5,23.8,4.5,9.3,.481,0.4,1.3,.293,4.1,8.0,.512,.502,2.6,4.1,.629,1.2,4.0,5.2,2.4,1.0,0.4,1.5,2.6,11.9
Hamidou Diallo,SF,22,DET,14,0,20.3,2.9,7.0,.418,0.6,1.4,.421,2.4,5.6,.418,.459,1.8,2.6,.694,1.1,3.4,4.5,1.1,0.4,0.6,1.2,2.4,8.2
Gorgui Dieng,C,31,TOT,28,1,15.1,2.1,4.2,.508,0.9,1.9,.453,1.3,2.3,.554,.610,1.5,1.8,.860,1.1,2.9,3.9,1.2,0.7,0.5,0.9,1.6,6.7
Gorgui Dieng,C,31,MEM,22,1,16.9,2.5,4.9,.519,1.0,2.2,.479,1.5,2.7,.550,.625,1.7,2.0,.884,1.3,3.2,4.5,1.3,0.8,0.6,1.0,1.7,7.9
Gorgui Dieng,C,31,SAS,6,0,8.5,0.7,1.7,.400,0.2,0.8,.200,0.5,0.8,.600,.450,0.8,1.2,.714,0.3,1.7,2.0,0.7,0.3,0.2,0.3,1.3,2.3
Spencer Dinwiddie,SG,27,BRK,3,3,21.3,2.0,5.3,.375,0.7,2.3,.286,1.3,3.0,.444,.438,2.0,2.0,1.000,0.0,4.3,4.3,3.0,0.7,0.3,1.7,1.3,6.7
Donte DiVincenzo,SG,24,MIL,55,55,27.4,3.9,9.3,.417,2.0,5.2,.382,1.9,4.1,.460,.524,0.7,1.0,.732,1.3,4.3,5.6,3.1,1.1,0.2,1.4,1.6,10.4
Luka Dončić,PG,21,DAL,54,54,35.1,10.1,20.9,.483,3.0,8.3,.359,7.1,12.5,.566,.555,5.3,7.3,.727,0.8,7.2,8.0,8.8,1.0,0.6,4.3,2.3,28.5
Luguentz Dort,SG,21,OKC,46,46,29.7,4.8,12.0,.402,2.1,6.2,.346,2.7,5.8,.461,.491,2.2,3.0,.741,0.7,3.0,3.7,1.6,1.0,0.4,1.5,2.5,14.0
Damyean Dotson,SG,26,CLE,35,6,18.8,2.5,6.3,.394,0.9,3.3,.278,1.6,3.0,.519,.466,0.6,0.9,.688,0.1,1.9,2.0,2.1,0.4,0.1,0.8,0.9,6.5
Devon Dotson,PG,21,CHI,6,0,3.7,0.5,1.2,.429,0.0,0.2,.000,0.5,1.0,.500,.429,0.0,0.0,0,0.3,0.2,0.5,0.3,0.2,0.0,0.0,0.2,1.0
Sekou Doumbouya,PF,20,DET,47,4,13.3,1.4,4.2,.347,0.5,1.9,.250,1.0,2.3,.426,.403,0.7,0.9,.738,0.5,1.6,2.1,0.7,0.4,0.1,0.7,1.6,4.0
PJ Dozier,SG,24,DEN,45,1,21.0,2.9,6.7,.426,0.9,2.8,.333,1.9,3.9,.492,.495,0.9,1.4,.639,0.8,3.0,3.8,1.8,0.7,0.4,0.9,1.8,7.5
Goran Dragić,PG,34,MIA,40,10,26.3,4.6,10.6,.435,1.7,4.7,.355,3.0,6.0,.498,.513,2.1,2.6,.814,0.5,3.0,3.5,4.4,0.7,0.2,2.5,2.2,13.0
Andre Drummond,C,27,TOT,34,34,28.1,6.4,13.6,.474,0.0,0.2,.000,6.4,13.4,.482,.474,2.9,4.8,.617,3.7,9.0,12.6,2.4,1.6,1.1,3.1,3.1,15.8
Andre Drummond,C,27,CLE,25,25,28.9,7.2,15.2,.474,0.0,0.3,.000,7.2,14.9,.484,.474,3.1,5.2,.597,4.0,9.4,13.5,2.6,1.6,1.2,3.2,2.8,17.5
Andre Drummond,C,27,LAL,9,9,25.8,4.3,9.1,.476,0.0,0.0,0,4.3,9.1,.476,.476,2.6,3.7,.697,2.7,7.7,10.3,1.9,1.7,0.8,2.7,3.9,11.2
Jared Dudley,PF,35,LAL,11,0,6.9,0.2,0.6,.286,0.2,0.5,.400,0.0,0.2,.000,.429,0.0,0.0,0,0.4,1.4,1.7,0.5,0.1,0.1,0.2,0.6,0.5
Kevin Durant,PF,32,BRK,24,22,32.7,9.3,17.1,.543,2.5,5.5,.462,6.8,11.6,.581,.617,6.1,7.0,.870,0.4,6.3,6.7,5.2,0.6,1.3,3.7,2.0,27.3
Anthony Edwards,SG,19,MIN,61,44,31.4,6.6,16.5,.401,2.3,7.1,.324,4.3,9.5,.459,.471,2.8,3.5,.781,0.8,3.6,4.4,2.7,1.2,0.4,2.1,1.7,18.3
Carsen Edwards,SG,22,BOS,24,1,8.7,1.6,3.5,.459,0.5,1.9,.289,1.1,1.7,.650,.535,0.3,0.4,.778,0.1,0.8,0.9,0.4,0.2,0.0,0.2,0.9,4.1
CJ Elleby,SF,20,POR,21,0,7.3,0.9,2.3,.388,0.3,1.3,.222,0.6,1.0,.591,.449,0.3,0.5,.636,0.4,0.7,1.0,0.2,0.3,0.1,0.1,1.0,2.4
Henry Ellenson,PF,24,TOR,2,0,19.0,2.5,7.0,.357,1.0,4.5,.222,1.5,2.5,.600,.429,1.5,2.0,.750,1.5,4.5,6.0,2.5,0.0,0.0,0.0,3.5,7.5
Wayne Ellington,SG,33,DET,43,29,21.9,3.3,7.3,.449,2.5,5.9,.427,0.7,1.4,.542,.623,0.7,0.8,.800,0.3,1.6,1.9,1.4,0.4,0.2,0.7,1.4,9.7
Joel Embiid,C,26,PHI,41,41,32.1,9.4,18.4,.513,1.2,3.1,.375,8.3,15.3,.541,.544,9.9,11.7,.851,2.3,8.8,11.1,3.1,1.0,1.4,3.2,2.4,30.0
James Ennis,SF,30,ORL,39,35,24.3,2.9,6.1,.475,1.1,2.6,.436,1.7,3.5,.504,.568,1.7,2.1,.815,1.1,3.0,4.1,1.5,0.8,0.2,0.8,2.1,8.6
Drew Eubanks,C,23,SAS,41,1,13.8,2.0,3.6,.571,0.0,0.0,1.000,2.0,3.6,.568,.575,1.4,2.0,.690,1.2,3.1,4.3,0.9,0.3,1.0,0.9,1.5,5.5
Dante Exum,SG,25,CLE,6,3,19.3,1.7,4.3,.385,0.3,1.8,.182,1.3,2.5,.533,.423,0.2,0.3,.500,0.3,2.5,2.8,2.2,0.7,0.3,1.2,1.5,3.8
Tacko Fall,C,25,BOS,15,0,6.7,1.2,1.6,.750,0.0,0.0,0,1.2,1.6,.750,.750,0.3,0.9,.308,0.7,1.8,2.5,0.1,0.1,0.8,0.3,1.1,2.7
Derrick Favors,C,29,UTA,56,0,15.5,2.3,3.7,.617,0.0,0.0,.000,2.3,3.6,.623,.617,1.0,1.3,.740,2.0,3.4,5.4,0.7,0.5,1.0,0.6,2.2,5.5
Cristiano Felício,C,28,CHI,13,0,4.5,0.3,0.5,.571,0.0,0.1,.000,0.3,0.5,.667,.571,0.5,0.8,.600,0.5,0.6,1.1,0.6,0.2,0.0,0.3,0.5,1.1
Terrance Ferguson,SG,22,PHI,13,0,3.8,0.1,0.5,.143,0.0,0.4,.000,0.1,0.2,.500,.143,0.0,0.0,0,0.0,0.1,0.1,0.2,0.1,0.0,0.3,0.5,0.2
Bruno Fernando,C,22,ATL,27,0,6.7,0.4,1.0,.429,0.0,0.1,.000,0.4,1.0,.462,.429,0.4,0.7,.667,0.5,1.9,2.4,0.3,0.1,0.1,0.7,0.7,1.3
Yogi Ferrell,PG,27,TOT,3,0,20.0,3.3,9.0,.370,1.3,4.0,.333,2.0,5.0,.400,.444,1.0,1.7,.600,1.0,1.3,2.3,4.0,1.3,0.3,1.0,1.7,9.0
Yogi Ferrell,PG,27,CLE,2,0,20.0,4.0,10.5,.381,1.5,4.5,.333,2.5,6.0,.417,.452,0.0,1.0,.000,1.5,2.0,3.5,2.5,1.5,0.5,1.5,2.0,9.5
Yogi Ferrell,PG,27,LAC,1,0,20.0,2.0,6.0,.333,1.0,3.0,.333,1.0,3.0,.333,.417,3.0,3.0,1.000,0.0,0.0,0.0,7.0,1.0,0.0,0.0,1.0,8.0
Dorian Finney-Smith,PF,27,DAL,48,48,32.3,3.6,7.8,.458,2.0,5.0,.390,1.6,2.8,.583,.584,0.5,0.6,.806,1.7,3.8,5.5,1.5,0.9,0.4,0.6,2.4,9.6
Malik Fitts,PF,23,LAC,3,0,3.7,0.3,1.0,.333,0.3,0.7,.500,0.0,0.3,.000,.500,0.0,0.0,0,0.0,1.0,1.0,0.0,0.0,0.0,0.0,1.0,1.0
Malachi Flynn,PG,22,TOR,35,6,16.7,2.1,5.9,.354,0.9,2.8,.316,1.2,3.1,.389,.430,0.5,0.7,.731,0.2,1.8,2.0,2.6,0.7,0.1,0.8,1.1,5.6
Bryn Forbes,SG,27,MIL,58,9,19.2,3.4,7.4,.459,2.1,4.8,.439,1.3,2.6,.497,.601,0.7,0.9,.769,0.2,1.3,1.4,0.6,0.3,0.0,0.6,1.1,9.6
Trent Forrest,PG,22,UTA,18,0,5.9,0.4,1.1,.400,0.0,0.2,.000,0.4,0.9,.471,.400,0.1,0.1,1.000,0.0,0.4,0.4,1.1,0.2,0.1,0.4,0.3,1.0
Evan Fournier,SF,28,ORL,26,26,30.3,6.5,14.2,.461,2.8,7.2,.388,3.7,7.0,.536,.560,3.8,4.7,.797,0.2,2.7,2.9,3.7,1.0,0.3,2.1,2.1,19.7
Evan Fournier,SG,28,BOS,5,0,27.4,3.2,9.0,.356,2.2,5.2,.423,1.0,3.8,.263,.478,1.0,1.2,.833,0.2,1.6,1.8,2.4,1.2,0.8,1.2,2.4,9.6
De'Aaron Fox,PG,23,SAC,58,58,35.1,9.1,19.1,.477,1.8,5.5,.322,7.3,13.6,.539,.523,5.2,7.2,.719,0.6,2.9,3.5,7.2,1.5,0.5,3.0,2.9,25.2
Robert Franks,PF,24,ORL,5,0,13.2,1.2,3.0,.400,0.6,2.0,.300,0.6,1.0,.600,.500,1.4,1.6,.875,0.6,1.2,1.8,0.6,0.2,0.6,0.4,1.4,4.4
Tim Frazier,PG,30,MEM,3,0,11.0,0.7,2.7,.250,0.0,0.7,.000,0.7,2.0,.333,.250,0.0,0.0,0,0.0,1.3,1.3,2.3,0.3,0.0,1.0,1.3,1.3
Markelle Fultz,PG,22,ORL,8,8,26.9,5.1,13.0,.394,0.5,2.0,.250,4.6,11.0,.420,.413,2.1,2.4,.895,0.6,2.5,3.1,5.4,1.0,0.3,2.3,2.3,12.9
Wenyen Gabriel,PF,23,NOP,10,0,6.1,0.4,1.4,.286,0.2,0.7,.286,0.2,0.7,.286,.357,0.4,0.7,.571,0.8,1.0,1.8,0.6,0.1,0.1,0.8,0.5,1.4
Daniel Gafford,PF,22,CHI,31,11,12.4,1.9,2.8,.690,0.0,0.0,0,1.9,2.8,.690,.690,0.9,1.3,.659,1.4,1.9,3.3,0.5,0.4,1.1,0.7,1.7,4.7
Daniel Gafford,C,22,WAS,10,0,17.6,4.6,7.0,.657,0.0,0.0,0,4.6,7.0,.657,.657,2.0,3.3,.606,2.1,4.1,6.2,0.4,0.6,2.0,0.9,1.4,11.2
Danilo Gallinari,PF,32,ATL,40,4,23.9,4.1,9.5,.426,2.2,5.3,.408,1.9,4.2,.450,.539,3.2,3.5,.935,0.3,3.8,4.1,1.4,0.6,0.2,1.0,2.1,13.5
Langston Galloway,SG,29,PHO,35,0,10.9,1.6,3.5,.467,0.9,2.0,.451,0.7,1.5,.490,.598,0.5,0.5,1.000,0.1,0.9,1.0,0.7,0.2,0.0,0.3,0.7,4.7
Darius Garland,PG,21,CLE,49,46,33.6,6.8,14.9,.454,2.0,4.9,.408,4.8,10.1,.477,.521,2.0,2.4,.839,0.5,2.0,2.4,6.0,1.2,0.1,3.0,2.2,17.6
Marc Gasol,C,36,LAL,45,42,19.5,1.8,4.0,.444,1.0,2.5,.387,0.8,1.5,.536,.564,0.8,1.0,.739,0.8,3.3,4.1,2.1,0.5,1.2,1.2,2.2,5.3
Rudy Gay,PF,34,SAS,51,0,21.7,4.1,9.8,.413,1.6,4.2,.375,2.5,5.6,.442,.494,1.3,1.6,.805,0.7,4.2,4.9,1.5,0.7,0.6,1.0,1.9,11.0
Paul George,SF,30,LAC,46,46,33.7,8.5,17.8,.479,3.3,7.6,.429,5.3,10.2,.517,.571,3.7,4.2,.891,0.9,5.6,6.5,5.4,1.2,0.5,3.3,2.4,24.0
Taj Gibson,PF,35,NYK,34,2,20.3,2.1,3.4,.609,0.1,0.4,.214,2.0,3.0,.663,.622,0.9,1.3,.689,2.2,3.2,5.5,0.7,0.8,1.0,0.6,2.1,5.1
Harry Giles,C,22,POR,30,0,10.3,1.1,2.5,.427,0.2,0.5,.467,0.8,2.0,.417,.473,0.5,0.7,.682,1.0,3.0,3.9,0.8,0.2,0.3,0.6,1.7,2.9
Shai Gilgeous-Alexander,SG,22,OKC,35,35,33.7,8.2,16.1,.508,2.0,4.9,.418,6.2,11.3,.547,.571,5.3,6.5,.808,0.5,4.2,4.7,5.9,0.8,0.7,3.0,2.0,23.7
Anthony Gill,PF,28,WAS,19,1,6.1,0.6,1.4,.423,0.2,0.7,.214,0.4,0.6,.667,.481,0.2,0.3,.800,0.6,1.3,1.9,0.3,0.3,0.1,0.3,0.6,1.5
Freddie Gillespie,PF,23,TOR,8,0,16.9,2.4,3.9,.613,0.0,0.0,0,2.4,3.9,.613,.613,0.9,1.0,.875,1.6,2.0,3.6,0.6,0.5,1.3,0.5,1.9,5.6
Rudy Gobert,C,28,UTA,59,59,31.1,5.5,8.2,.671,0.0,0.1,.000,5.5,8.1,.675,.671,3.4,5.5,.618,3.4,10.2,13.6,1.3,0.5,2.8,1.6,2.4,14.4
Brandon Goodwin,PG,25,ATL,41,3,12.7,1.8,4.6,.396,0.7,2.1,.341,1.1,2.4,.444,.476,0.6,1.0,.667,0.2,1.2,1.4,1.9,0.3,0.0,0.7,0.8,5.0
Aaron Gordon,PF,25,TOT,40,40,28.3,4.8,10.5,.462,1.4,3.9,.353,3.5,6.6,.527,.528,2.2,3.3,.654,1.5,4.5,6.0,3.6,0.7,0.7,2.2,1.8,13.2
Aaron Gordon,PF,25,ORL,25,25,29.4,5.1,11.7,.437,1.7,4.5,.375,3.4,7.2,.475,.509,2.6,4.2,.629,1.6,5.1,6.6,4.2,0.6,0.8,2.7,2.0,14.6
Aaron Gordon,PF,25,DEN,15,15,26.5,4.3,8.3,.520,0.9,2.9,.295,3.5,5.4,.642,.572,1.4,1.9,.750,1.3,3.5,4.8,2.5,0.8,0.6,1.3,1.4,10.9
Eric Gordon,SG,32,HOU,27,13,29.2,5.9,13.6,.433,2.6,7.8,.329,3.3,5.8,.573,.527,3.5,4.2,.825,0.3,1.9,2.1,2.6,0.5,0.5,1.9,1.6,17.8
Devonte' Graham,PG,25,CHO,47,41,29.9,4.4,12.0,.370,3.1,8.4,.365,1.4,3.6,.381,.498,2.0,2.4,.817,0.4,2.3,2.7,5.3,1.0,0.1,1.5,1.4,14.0
Jerami Grant,SF,26,DET,52,52,34.2,7.5,17.4,.429,2.2,6.2,.354,5.3,11.3,.470,.492,5.4,6.3,.852,0.7,4.0,4.7,2.9,0.7,1.1,2.0,2.4,22.6
Danny Green,SF,33,PHI,59,59,28.3,3.3,7.8,.420,2.6,6.2,.414,0.7,1.6,.443,.583,0.5,0.6,.771,0.8,2.9,3.7,1.7,1.3,0.8,1.0,1.8,9.6
Draymond Green,PF,30,GSW,52,52,30.8,2.5,6.0,.417,0.5,2.1,.250,2.0,4.0,.505,.460,1.0,1.3,.779,0.9,5.7,6.6,8.7,1.6,0.8,2.9,3.2,6.6
JaMychal Green,PF,30,DEN,47,4,18.7,3.0,6.4,.472,1.4,3.4,.411,1.6,3.0,.539,.580,0.8,1.0,.844,1.5,3.4,4.9,0.8,0.5,0.4,0.9,2.5,8.2
Javonte Green,SG,27,BOS,25,2,13.8,1.6,2.8,.549,0.3,0.9,.318,1.3,2.0,.653,.599,0.8,1.2,.667,0.8,1.3,2.1,0.4,0.7,0.1,0.5,1.3,4.2
Javonte Green,PG,27,CHI,6,0,5.5,0.2,1.2,.143,0.0,0.2,.000,0.2,1.0,.167,.143,0.3,0.3,1.000,0.3,0.8,1.2,0.3,0.3,0.3,0.7,0.5,0.7
Jeff Green,C,34,BRK,56,32,26.9,3.6,7.6,.475,1.4,3.6,.392,2.2,4.1,.548,.567,1.8,2.3,.780,0.5,3.3,3.7,1.6,0.6,0.4,0.8,1.7,10.4
Josh Green,SG,20,DAL,28,5,10.1,0.9,2.1,.433,0.1,0.6,.118,0.9,1.5,.558,.450,0.3,0.5,.600,0.6,1.3,1.9,0.5,0.3,0.1,0.5,0.7,2.3
Blake Griffin,PF,31,TOT,34,23,26.9,3.6,9.1,.395,1.5,4.8,.321,2.1,4.4,.477,.479,2.1,2.9,.732,0.5,4.4,4.9,3.3,0.7,0.3,1.5,2.2,10.9
Blake Griffin,PF,31,DET,20,20,31.3,4.1,11.1,.365,2.0,6.2,.315,2.1,4.9,.429,.453,2.2,3.1,.710,0.4,4.9,5.2,3.9,0.7,0.1,1.6,2.1,12.3
Blake Griffin,PF,31,BRK,14,3,20.6,3.0,6.4,.472,0.9,2.7,.342,2.1,3.6,.569,.545,1.9,2.5,.771,0.8,3.8,4.6,2.4,0.8,0.5,1.3,2.4,8.9
Kyle Guy,PG,23,SAC,22,0,6.9,1.0,2.6,.379,0.5,1.5,.313,0.5,1.2,.462,.466,0.5,0.5,.833,0.1,0.9,1.0,0.9,0.2,0.0,0.2,0.6,2.9
Rui Hachimura,PF,22,WAS,47,47,31.7,5.2,11.2,.467,0.8,2.5,.316,4.4,8.7,.510,.502,2.3,3.0,.759,0.9,4.8,5.7,1.5,0.8,0.1,1.3,2.2,13.5
Ashton Hagans,PG,21,MIN,2,0,2.0,0.0,0.0,0,0.0,0.0,0,0.0,0.0,0,0,0.0,0.0,0,0.0,0.0,0.0,0.0,0.0,0.0,0.5,0.0,0.0
Tyrese Haliburton,PG,20,SAC,53,15,29.8,4.9,10.3,.472,2.1,5.0,.415,2.8,5.3,.525,.572,0.8,0.9,.840,0.7,2.3,3.0,5.1,1.3,0.5,1.5,1.5,12.6
Donta Hall,PF,23,ORL,4,0,14.0,1.3,2.0,.625,0.0,0.0,0,1.3,2.0,.625,.625,1.8,2.8,.636,2.0,2.3,4.3,1.5,0.8,1.5,0.5,1.0,4.3
Josh Hall,SF,20,OKC,14,0,12.4,0.6,3.2,.200,0.1,1.4,.100,0.5,1.8,.280,.222,1.2,2.1,.586,0.1,1.9,2.0,1.3,0.0,0.0,1.1,1.5,2.6
R.J. Hampton,PG,19,DEN,25,0,9.3,1.0,2.4,.417,0.2,0.7,.278,0.8,1.7,.476,.458,0.4,0.5,.750,0.4,1.6,2.0,0.6,0.2,0.1,0.4,0.9,2.6
R.J. Hampton,SG,19,ORL,14,1,22.6,3.7,8.6,.430,0.6,2.5,.257,3.1,6.1,.500,.467,1.1,1.8,.600,0.6,3.4,4.1,1.6,0.9,0.3,1.5,1.5,9.1
Tim Hardaway Jr.,SG,28,DAL,58,21,28.3,5.5,12.7,.432,2.8,7.3,.380,2.7,5.3,.503,.542,1.8,2.3,.791,0.3,3.0,3.3,1.7,0.4,0.2,0.9,1.5,15.5
James Harden,SG,31,HOU,8,8,36.3,7.5,16.9,.444,3.1,9.0,.347,4.4,7.9,.556,.537,6.6,7.5,.883,0.6,4.5,5.1,10.4,0.9,0.8,4.3,1.8,24.8
James Harden,PG,31,BRK,34,34,37.3,8.1,17.3,.467,2.7,7.5,.361,5.4,9.8,.548,.545,6.5,7.5,.867,0.9,7.8,8.7,11.0,1.3,0.7,4.1,2.4,25.4
Maurice Harkless,SF,27,MIA,11,3,11.3,0.5,1.2,.385,0.5,1.0,.455,0.0,0.2,.000,.577,0.0,0.2,.000,0.2,1.0,1.2,0.6,0.2,0.4,0.3,1.3,1.4
Maurice Harkless,PF,27,SAC,14,8,22.6,2.4,5.2,.452,0.8,2.6,.306,1.6,2.6,.595,.527,1.1,1.4,.842,0.6,2.1,2.6,1.1,1.0,0.6,0.6,2.6,6.6
Jared Harper,PG,23,NYK,4,0,2.3,0.0,0.5,.000,0.0,0.0,0,0.0,0.5,.000,.000,0.5,0.5,1.000,0.0,0.0,0.0,0.0,0.0,0.0,0.5,0.0,0.5
Montrezl Harrell,C,27,LAL,59,1,24.0,5.7,9.1,.620,0.0,0.2,.000,5.7,9.0,.631,.620,2.6,3.7,.713,2.4,4.2,6.6,1.1,0.7,0.7,1.1,1.9,13.9
Gary Harris,SG,26,TOT,26,25,29.2,3.6,8.5,.421,1.3,3.6,.355,2.3,4.9,.469,.495,1.7,2.2,.776,0.6,1.5,2.2,1.8,0.8,0.3,0.8,1.9,10.2
Gary Harris,SG,26,DEN,19,19,30.6,3.6,8.2,.442,1.3,3.9,.320,2.4,4.3,.556,.519,1.2,1.6,.733,0.7,1.8,2.5,1.7,0.9,0.2,0.7,1.9,9.7
Gary Harris,SG,26,ORL,7,6,25.6,3.4,9.3,.369,1.3,2.6,.500,2.1,6.7,.319,.438,3.3,4.0,.821,0.4,0.9,1.3,2.3,0.4,0.4,1.1,1.9,11.4
Jalen Harris,SG,22,TOR,4,0,3.5,0.3,1.0,.250,0.3,0.5,.500,0.0,0.5,.000,.375,0.0,0.0,0,0.3,0.5,0.8,0.5,0.3,0.0,0.3,0.5,0.8
Joe Harris,SF,29,BRK,60,56,30.9,5.3,10.3,.515,3.2,6.6,.483,2.1,3.8,.569,.668,0.8,1.0,.776,0.6,3.0,3.6,1.9,0.7,0.2,0.8,2.0,14.5
Tobias Harris,PF,28,PHI,51,51,33.1,7.9,15.2,.519,1.4,3.5,.403,6.5,11.7,.553,.565,3.1,3.5,.887,1.0,6.2,7.1,3.6,0.9,0.9,1.9,2.0,20.2
Shaquille Harrison,SG,27,TOT,22,0,5.6,0.6,1.5,.394,0.0,0.1,.000,0.6,1.4,.433,.394,0.3,0.3,.857,0.2,0.4,0.6,0.5,0.4,0.0,0.3,0.4,1.5
Shaquille Harrison,SG,27,UTA,17,0,3.3,0.4,1.2,.300,0.0,0.1,.000,0.4,1.1,.333,.300,0.3,0.4,.833,0.2,0.4,0.5,0.5,0.1,0.0,0.3,0.2,1.0
Shaquille Harrison,SG,27,DEN,5,0,13.4,1.4,2.6,.538,0.0,0.2,.000,1.4,2.4,.583,.538,0.2,0.2,1.000,0.2,0.6,0.8,0.4,1.2,0.0,0.4,1.2,3.0
Josh Hart,SF,25,NOP,47,4,28.7,3.2,7.3,.439,1.3,4.1,.326,1.9,3.2,.583,.531,1.5,1.9,.775,1.1,6.9,8.0,2.3,0.8,0.3,1.0,2.4,9.2
Isaiah Hartenstein,C,22,TOT,43,2,12.1,2.0,3.6,.571,0.0,0.1,.400,2.0,3.5,.577,.578,1.0,1.6,.638,1.5,2.6,4.1,1.1,0.4,0.9,0.9,2.2,5.2
Isaiah Hartenstein,C,22,DEN,30,0,9.1,1.4,2.7,.513,0.0,0.0,0,1.4,2.7,.513,.513,0.7,1.2,.611,1.3,1.5,2.8,0.5,0.4,0.7,0.7,2.0,3.5
Isaiah Hartenstein,C,22,CLE,13,2,19.1,3.6,5.7,.635,0.2,0.4,.400,3.5,5.3,.652,.649,1.7,2.5,.667,1.8,5.2,7.0,2.5,0.5,1.4,1.5,2.8,9.1
Jaxson Hayes,C,20,NOP,48,3,14.8,2.5,3.8,.645,0.1,0.1,.429,2.4,3.7,.653,.653,1.3,1.7,.765,1.3,2.6,3.9,0.5,0.4,0.5,0.6,1.7,6.3
Killian Hayes,PG,19,DET,16,10,22.8,2.4,7.1,.345,0.6,2.3,.243,1.9,4.8,.395,.385,0.5,0.6,.889,0.3,1.9,2.1,4.4,0.9,0.4,2.8,1.9,5.9
Gordon Hayward,SF,30,CHO,44,44,34.0,7.1,15.0,.473,1.9,4.7,.415,5.1,10.3,.499,.537,3.5,4.2,.843,0.8,5.0,5.9,4.1,1.2,0.3,2.1,1.7,19.6
Juan Hernangómez,PF,25,MIN,42,6,16.7,2.4,5.4,.439,0.9,3.0,.312,1.5,2.5,.592,.524,1.1,1.7,.662,0.9,3.1,4.0,0.6,0.4,0.1,0.5,0.9,6.8
Willy Hernangómez,C,26,NOP,36,2,15.6,2.8,5.0,.553,0.0,0.3,.111,2.7,4.7,.576,.556,1.0,1.6,.643,2.3,4.0,6.3,0.9,0.3,0.5,0.5,1.2,6.5
Tyler Herro,SG,21,MIA,48,14,30.7,5.6,13.1,.427,1.9,5.5,.344,3.7,7.6,.488,.499,1.9,2.3,.809,0.5,4.4,4.9,3.4,0.7,0.4,1.9,1.3,14.9
Buddy Hield,SG,28,SAC,58,58,34.3,5.7,14.1,.404,4.0,10.4,.385,1.7,3.7,.458,.546,1.2,1.5,.837,0.4,4.1,4.5,3.1,0.8,0.4,1.7,2.5,16.6
George Hill,PG,34,TOT,18,16,24.9,3.9,7.8,.507,1.3,3.4,.393,2.6,4.4,.595,.593,1.3,1.7,.800,0.6,1.5,2.1,2.7,0.7,0.3,0.9,0.9,10.6
George Hill,PG,34,OKC,14,14,26.4,4.4,8.6,.508,1.6,4.1,.386,2.8,4.5,.619,.600,1.5,1.8,.840,0.6,1.5,2.1,3.1,0.9,0.1,0.9,0.9,11.8
George Hill,PG,34,PHI,4,2,19.8,2.5,5.0,.500,0.5,1.0,.500,2.0,4.0,.500,.550,0.8,1.3,.600,0.5,1.5,2.0,1.3,0.3,0.8,1.3,1.0,6.3
Solomon Hill,PF,29,ATL,59,11,21.2,1.6,4.4,.372,1.1,3.2,.332,0.6,1.2,.479,.492,0.4,0.6,.735,0.6,2.2,2.8,1.0,0.7,0.2,0.6,1.7,4.7
Nate Hinton,SG,21,DAL,14,0,3.4,0.6,1.4,.400,0.1,0.4,.167,0.5,1.0,.500,.425,0.3,0.4,.667,0.1,0.3,0.4,0.3,0.3,0.1,0.3,0.2,1.5
Jaylen Hoard,SF,21,OKC,10,0,16.5,2.1,4.4,.477,0.0,0.5,.000,2.1,3.9,.538,.477,1.7,2.1,.810,1.2,2.2,3.4,0.8,0.6,0.2,1.4,1.4,5.9
Aaron Holiday,PG,24,IND,57,6,17.2,2.6,6.6,.387,1.1,2.8,.373,1.5,3.8,.398,.467,0.9,1.2,.803,0.2,1.1,1.2,1.6,0.6,0.2,0.9,1.5,7.1
Jrue Holiday,PG,30,MIL,47,44,31.9,6.8,13.5,.502,1.9,4.7,.401,4.9,8.8,.557,.572,1.7,2.0,.821,1.2,3.2,4.5,5.6,1.8,0.5,2.1,1.6,17.1
Justin Holiday,SG,31,IND,59,48,30.9,3.5,8.8,.399,2.4,6.4,.367,1.2,2.4,.486,.533,0.9,1.2,.783,0.5,3.2,3.6,1.6,1.2,0.5,0.8,1.9,10.3
Rondae Hollis-Jefferson,PF,26,POR,4,1,14.5,1.0,2.5,.400,0.0,0.3,.000,1.0,2.3,.444,.400,2.0,3.0,.667,1.8,1.3,3.0,1.8,0.3,0.5,0.5,2.5,4.0
Richaun Holmes,C,27,SAC,50,50,30.0,5.9,9.3,.641,0.0,0.2,.200,5.9,9.1,.651,.644,2.2,2.8,.797,2.6,6.4,8.9,1.7,0.7,1.6,1.2,3.6,14.1
Rodney Hood,SF,28,TOT,48,5,18.4,1.9,5.1,.364,0.7,2.3,.306,1.2,2.9,.410,.431,0.4,0.5,.826,0.4,1.5,1.9,1.1,0.4,0.1,0.7,1.5,4.8
Rodney Hood,SF,28,POR,38,5,19.1,1.9,5.3,.363,0.7,2.2,.298,1.3,3.1,.410,.425,0.2,0.3,.750,0.5,1.4,1.9,1.2,0.5,0.1,0.8,1.6,4.7
Rodney Hood,SF,28,TOR,10,0,15.7,1.7,4.6,.370,0.8,2.4,.333,0.9,2.2,.409,.457,1.0,1.1,.909,0.3,1.5,1.8,0.4,0.1,0.3,0.4,1.1,5.2
Al Horford,C,34,OKC,28,28,27.9,5.8,12.9,.450,2.0,5.4,.368,3.8,7.4,.510,.528,0.6,0.8,.818,1.0,5.7,6.7,3.4,0.9,0.9,1.0,1.7,14.2
Talen Horton-Tucker,SG,20,LAL,55,3,19.7,3.4,7.6,.446,0.6,2.1,.267,2.8,5.5,.515,.483,1.5,1.8,.812,0.4,2.3,2.7,2.5,0.9,0.4,1.5,2.0,8.8
Danuel House,SF,27,HOU,32,21,27.0,3.2,7.8,.407,1.6,4.4,.359,1.6,3.3,.472,.510,1.2,1.8,.661,0.6,3.3,3.8,1.8,0.6,0.4,0.9,1.9,9.1
Dwight Howard,C,35,PHI,58,5,17.4,2.5,4.2,.586,0.1,0.3,.250,2.4,3.9,.610,.594,1.7,3.0,.575,2.7,5.7,8.4,0.8,0.4,0.9,1.7,3.0,6.7
Markus Howard,SG,21,DEN,29,0,3.3,0.4,1.7,.260,0.2,1.2,.171,0.2,0.5,.467,.320,0.0,0.1,.500,0.0,0.4,0.4,0.3,0.1,0.0,0.2,0.5,1.1
Kevin Huerter,SG,22,ATL,60,45,31.4,4.6,10.7,.433,2.1,5.7,.369,2.5,5.0,.507,.532,0.8,1.0,.793,0.6,2.8,3.4,3.6,1.2,0.3,1.2,2.4,12.2
Elijah Hughes,SF,22,UTA,13,0,3.5,0.6,1.7,.364,0.5,1.3,.353,0.2,0.4,.400,.500,0.2,0.3,.750,0.0,0.5,0.5,0.3,0.1,0.1,0.5,0.1,1.9
De'Andre Hunter,SF,23,ATL,20,18,31.3,5.6,11.2,.502,1.6,4.4,.356,4.1,6.8,.596,.572,3.3,3.8,.867,0.8,4.3,5.1,2.1,0.9,0.5,1.4,2.7,16.0
Chandler Hutchison,SF,24,TOT,14,0,13.2,1.4,3.9,.345,0.3,1.0,.286,1.1,2.9,.366,.382,0.8,0.9,.846,0.3,3.1,3.4,0.6,0.3,0.0,1.0,1.4,3.8
Chandler Hutchison,SF,24,CHI,7,0,9.1,0.7,2.6,.278,0.1,0.4,.333,0.6,2.1,.267,.306,0.3,0.3,1.000,0.1,2.7,2.9,0.6,0.1,0.0,0.7,1.3,1.9
Chandler Hutchison,SF,24,WAS,7,0,17.3,2.0,5.3,.378,0.4,1.6,.273,1.6,3.7,.423,.419,1.3,1.6,.818,0.4,3.4,3.9,0.7,0.4,0.0,1.3,1.4,5.7
Serge Ibaka,C,31,LAC,39,39,23.6,4.5,8.9,.507,1.0,2.8,.352,3.5,6.1,.577,.562,0.9,1.2,.822,1.7,4.9,6.7,1.7,0.2,1.2,1.1,1.9,10.9
Andre Iguodala,SF,37,MIA,54,4,21.5,1.6,4.2,.381,1.0,3.1,.329,0.6,1.0,.536,.504,0.4,0.6,.647,0.6,3.0,3.6,2.2,1.0,0.6,1.0,1.4,4.6
Ersan İlyasova,PF,33,UTA,10,1,8.7,1.2,3.1,.387,1.0,2.4,.417,0.2,0.7,.286,.548,0.3,0.3,1.000,0.4,1.3,1.7,0.2,0.7,0.2,0.4,1.6,3.7
Joe Ingles,SF,33,UTA,55,18,27.4,4.2,8.1,.517,2.8,5.8,.488,1.3,2.2,.593,.693,1.1,1.3,.857,0.4,3.3,3.7,4.4,0.7,0.2,1.6,1.9,12.3
Brandon Ingram,SF,23,NOP,55,55,34.6,8.6,18.2,.471,2.3,6.2,.379,6.2,12.1,.517,.535,4.8,5.4,.886,0.5,4.4,4.9,4.9,0.7,0.6,2.5,2.0,24.3
Kyrie Irving,PG,28,BRK,44,44,35.2,10.3,20.4,.506,2.6,6.9,.383,7.7,13.5,.569,.571,3.9,4.2,.919,1.0,3.9,4.9,6.3,1.4,0.6,2.5,2.7,27.1
Wesley Iwundu,SF,26,TOT,35,4,13.6,0.9,2.5,.352,0.1,1.1,.128,0.7,1.4,.531,.381,0.7,0.8,.828,0.3,1.9,2.2,0.4,0.4,0.1,0.5,1.3,2.6
Wesley Iwundu,SF,26,DAL,23,3,12.5,0.7,2.3,.327,0.1,1.0,.130,0.6,1.3,.483,.356,0.5,0.6,.857,0.3,1.7,1.9,0.4,0.4,0.1,0.3,1.1,2.1
Wesley Iwundu,SF,26,NOP,12,1,15.7,1.2,3.0,.389,0.2,1.3,.125,1.0,1.7,.600,.417,1.0,1.3,.800,0.4,2.4,2.8,0.4,0.4,0.1,0.9,1.6,3.5
Frank Jackson,PG,22,DET,32,4,16.5,2.9,6.3,.458,1.4,3.5,.405,1.5,2.8,.522,.570,1.3,1.6,.788,0.4,1.6,2.0,0.7,0.3,0.0,0.8,1.3,8.4
Jaren Jackson Jr.,C,21,MEM,2,0,21.5,7.0,12.5,.560,0.5,3.0,.167,6.5,9.5,.684,.580,4.5,5.0,.900,2.0,3.5,5.5,1.0,0.5,2.5,0.5,4.5,19.0
Josh Jackson,SG,23,DET,56,21,25.0,4.9,11.6,.427,1.3,4.1,.304,3.7,7.5,.495,.481,2.5,3.4,.731,0.9,3.1,4.0,2.2,0.9,0.7,2.2,2.9,13.7
Justin Jackson,SF,25,OKC,33,3,16.5,2.6,6.4,.406,1.0,3.4,.306,1.6,3.1,.515,.486,0.9,1.1,.857,0.4,1.7,2.2,1.5,0.5,0.1,0.9,0.9,7.2
Reggie Jackson,SG,30,LAC,58,36,22.8,3.9,8.6,.452,1.7,3.9,.441,2.1,4.6,.461,.552,1.1,1.3,.805,0.4,2.5,2.9,3.2,0.6,0.1,1.1,2.0,10.5
Justin James,SF,24,SAC,26,0,5.8,0.7,1.6,.429,0.2,0.7,.294,0.5,1.0,.520,.488,0.2,0.5,.417,0.1,0.3,0.4,0.6,0.1,0.0,0.2,0.4,1.8
LeBron James,PG,36,LAL,41,41,33.9,9.5,18.4,.513,2.4,6.5,.368,7.1,12.0,.592,.578,4.1,5.8,.703,0.6,7.3,7.9,7.9,1.0,0.6,3.7,1.6,25.4
DaQuan Jeffries,SG,23,TOT,24,2,13.0,1.2,3.1,.387,0.5,1.6,.282,0.8,1.5,.500,.460,0.3,0.3,.857,0.5,1.2,1.8,0.4,0.3,0.3,0.3,1.2,3.1
DaQuan Jeffries,SG,23,SAC,18,2,12.9,1.3,3.2,.421,0.5,1.6,.321,0.8,1.6,.517,.500,0.3,0.4,.857,0.5,1.1,1.6,0.3,0.4,0.2,0.4,1.3,3.5
DaQuan Jeffries,SG,23,HOU,6,0,13.3,0.8,3.0,.278,0.3,1.8,.182,0.5,1.2,.429,.333,0.0,0.0,0,0.7,1.5,2.2,0.5,0.2,0.5,0.0,0.8,2.0
Ty Jerome,SG,23,OKC,27,1,24.1,3.6,8.5,.419,2.0,5.1,.396,1.5,3.3,.456,.539,0.7,0.9,.720,0.4,2.4,2.8,3.7,0.6,0.1,1.4,1.7,9.8
Isaiah Joe,SG,21,PHI,32,1,9.2,1.0,3.0,.330,0.8,2.4,.329,0.2,0.7,.333,.459,0.4,0.5,.750,0.2,0.7,0.9,0.5,0.3,0.1,0.2,0.8,3.2
Alize Johnson,PF,24,BRK,12,0,10.6,2.5,4.1,.612,0.1,0.4,.200,2.4,3.7,.659,.622,0.3,0.3,1.000,1.5,3.1,4.6,0.8,0.3,0.2,0.7,0.8,5.3
Cameron Johnson,PF,24,PHO,53,10,23.5,3.5,7.9,.443,2.1,5.5,.377,1.5,2.5,.588,.573,0.8,0.9,.878,0.5,2.7,3.3,1.5,0.6,0.3,0.7,1.5,9.9
James Johnson,PF,33,TOT,40,6,20.1,2.7,6.1,.442,0.6,2.4,.260,2.1,3.7,.562,.494,0.9,1.3,.642,0.6,2.7,3.3,2.0,0.9,0.9,1.1,2.3,6.8
James Johnson,PF,33,DAL,29,1,17.4,2.3,5.0,.462,0.5,2.1,.250,1.8,2.9,.612,.514,0.6,1.0,.586,0.5,2.5,3.0,1.7,0.8,0.8,0.9,2.0,5.7
James Johnson,PF,33,NOP,11,5,27.2,3.6,8.8,.412,0.9,3.3,.278,2.7,5.5,.492,.464,1.5,2.2,.708,0.7,3.4,4.1,2.7,0.9,1.3,1.5,3.0,9.7
Keldon Johnson,SF,21,SAS,56,54,28.6,4.9,10.2,.477,0.9,2.7,.342,3.9,7.5,.526,.523,2.0,2.8,.722,1.5,5.0,6.4,1.8,0.6,0.4,1.1,2.1,12.7
Stanley Johnson,PF,24,TOR,50,6,14.6,1.2,2.9,.395,0.6,1.7,.345,0.6,1.2,.467,.497,0.5,0.6,.828,0.4,1.9,2.3,1.2,0.8,0.3,0.8,1.8,3.4
Tyler Johnson,SG,28,BRK,31,2,16.8,1.8,4.6,.394,1.2,3.3,.376,0.6,1.3,.439,.528,0.5,0.6,.842,0.2,1.7,1.9,0.9,0.4,0.0,0.4,1.0,5.4
Nikola Jokić,C,25,DEN,60,60,35.3,10.3,18.2,.568,1.4,3.3,.405,9.0,14.8,.604,.605,4.3,5.0,.853,2.9,8.0,10.9,8.7,1.4,0.7,3.1,2.7,26.2
Damian Jones,C,25,TOT,26,8,10.3,1.1,1.6,.707,0.0,0.0,.000,1.1,1.5,.725,.707,0.8,1.2,.733,0.7,1.5,2.3,0.3,0.2,0.6,0.5,1.8,3.1
Damian Jones,C,25,PHO,14,0,6.7,0.6,1.1,.500,0.0,0.1,.000,0.6,1.1,.533,.500,0.4,0.8,.545,0.5,0.8,1.3,0.3,0.1,0.4,0.4,1.4,1.6
Damian Jones,C,25,LAL,8,6,14.0,2.0,2.1,.941,0.0,0.0,0,2.0,2.1,.941,.941,1.4,1.5,.917,1.0,2.3,3.3,0.1,0.1,0.9,0.6,2.8,5.4
Damian Jones,C,25,SAC,4,2,15.5,1.3,2.0,.625,0.0,0.0,0,1.3,2.0,.625,.625,1.3,1.8,.714,1.0,2.8,3.8,0.8,0.8,0.8,0.8,1.8,3.8
Derrick Jones Jr.,SF,23,POR,52,42,24.1,2.7,5.6,.481,0.8,2.5,.326,1.9,3.1,.610,.555,1.1,1.7,.640,1.5,2.4,3.9,0.8,0.7,1.0,0.6,2.2,7.3
Mason Jones,SG,22,TOT,31,1,10.6,1.6,3.9,.421,0.8,2.1,.364,0.9,1.8,.491,.521,1.3,2.1,.625,0.2,1.5,1.8,1.4,0.2,0.0,0.9,0.7,5.4
Mason Jones,SG,22,HOU,26,1,11.8,1.8,4.4,.412,0.9,2.5,.359,0.9,1.9,.480,.513,1.3,2.2,.614,0.2,1.8,2.0,1.5,0.2,0.0,1.1,0.8,5.8
Mason Jones,SG,22,PHI,5,0,4.2,0.8,1.4,.571,0.2,0.4,.500,0.6,1.0,.600,.643,1.0,1.4,.714,0.6,0.2,0.8,0.6,0.0,0.0,0.0,0.0,2.8
Tre Jones,PG,21,SAS,29,0,5.4,0.8,1.7,.458,0.1,0.1,.667,0.7,1.6,.444,.479,0.3,0.3,1.000,0.2,0.3,0.4,0.7,0.2,0.0,0.4,0.3,1.9
Tyus Jones,PG,24,MEM,57,8,18.7,2.8,6.4,.437,0.7,2.2,.315,2.1,4.2,.500,.490,0.6,0.6,.917,0.4,1.8,2.1,4.0,1.0,0.1,0.7,0.5,6.9
DeAndre Jordan,C,32,BRK,52,40,22.3,3.5,4.4,.779,0.0,0.0,.000,3.5,4.4,.783,.779,0.8,1.5,.506,2.0,5.5,7.4,1.7,0.3,1.2,1.5,2.1,7.7
Cory Joseph,PG,29,TOT,59,9,22.7,3.0,6.5,.465,0.7,2.1,.344,2.3,4.4,.521,.520,1.1,1.4,.807,0.6,1.9,2.5,3.2,1.0,0.3,1.2,2.2,7.9
Cory Joseph,PG,29,SAC,44,2,21.5,2.5,5.7,.444,0.7,2.1,.330,1.8,3.5,.513,.506,0.8,1.1,.766,0.6,1.7,2.3,2.5,0.9,0.2,1.0,2.2,6.6
Cory Joseph,PG,29,DET,15,7,26.3,4.5,8.9,.504,0.7,1.9,.393,3.7,7.0,.533,.545,2.1,2.4,.861,0.5,2.7,3.2,5.5,1.2,0.4,1.8,2.1,11.7
Mfiondu Kabengele,PF,23,TOT,27,0,4.4,0.4,1.4,.297,0.2,0.8,.227,0.2,0.6,.400,.365,0.3,0.3,.875,0.0,0.7,0.7,0.2,0.1,0.1,0.3,0.8,1.3
Mfiondu Kabengele,PF,23,LAC,23,0,4.1,0.4,1.4,.281,0.2,0.8,.222,0.2,0.6,.357,.344,0.2,0.3,.833,0.0,0.6,0.6,0.2,0.1,0.1,0.3,0.8,1.2
Mfiondu Kabengele,PF,23,CLE,4,0,6.0,0.5,1.3,.400,0.3,1.0,.250,0.3,0.3,1.000,.500,0.5,0.5,1.000,0.0,1.3,1.3,0.3,0.5,0.0,0.3,1.0,1.8
Frank Kaminsky,C,27,PHO,34,13,14.5,2.4,5.2,.463,0.8,1.9,.400,1.6,3.3,.500,.537,0.6,1.1,.564,0.6,2.9,3.6,1.6,0.3,0.4,0.5,1.2,6.2
Enes Kanter,C,28,POR,59,35,26.0,5.0,8.2,.611,0.0,0.0,.000,5.0,8.2,.612,.611,1.9,2.4,.782,4.2,7.3,11.5,1.3,0.5,0.7,1.2,2.5,11.9
Luke Kennard,SG,24,LAC,56,15,19.9,3.2,6.6,.477,1.6,3.6,.460,1.5,3.1,.497,.601,0.4,0.5,.828,0.3,2.5,2.7,1.7,0.4,0.2,0.8,1.5,8.4
Maxi Kleber,PF,29,DAL,43,36,27.7,2.3,5.6,.414,1.8,4.3,.413,0.5,1.3,.418,.573,0.7,0.8,.914,1.0,4.5,5.4,1.4,0.6,0.7,0.7,2.3,7.1
Nathan Knight,PF,23,ATL,27,0,8.3,1.1,2.9,.372,0.2,0.9,.200,0.9,2.0,.453,.404,1.2,1.5,.805,0.8,1.2,2.0,0.2,0.3,0.3,0.6,0.7,3.6
Kevin Knox,SF,21,NYK,38,0,11.9,1.4,3.6,.399,0.9,2.3,.391,0.6,1.3,.412,.522,0.4,0.5,.778,0.3,1.3,1.6,0.5,0.3,0.2,0.4,1.0,4.2
John Konchar,SG,24,MEM,34,0,13.7,1.4,3.0,.456,0.4,1.2,.366,0.9,1.8,.516,.529,0.6,0.7,.833,0.7,2.1,2.8,1.1,0.9,0.2,0.5,1.0,3.8
Furkan Korkmaz,SG,23,PHI,47,9,19.7,3.2,7.8,.408,1.9,4.9,.381,1.3,2.9,.453,.527,1.2,1.7,.734,0.3,1.8,2.1,1.3,0.9,0.2,0.9,1.2,9.5
Luke Kornet,PF,25,CHI,13,0,7.2,0.7,2.1,.333,0.5,1.8,.261,0.2,0.3,.750,.444,0.2,0.3,.500,0.1,1.1,1.2,0.3,0.2,0.5,0.1,0.1,2.0
Luke Kornet,C,25,BOS,10,0,12.7,1.6,3.8,.421,0.7,2.3,.304,0.9,1.5,.600,.513,0.1,0.2,.500,0.6,2.1,2.7,1.0,0.0,1.1,0.2,1.0,4.0
Rodions Kurucs,PF,22,BRK,5,0,3.2,0.2,0.6,.333,0.2,0.4,.500,0.0,0.2,.000,.500,0.0,0.0,0,0.0,0.6,0.6,0.4,0.0,0.0,0.0,0.2,0.6
Rodions Kurucs,SF,22,HOU,11,0,6.8,0.5,1.9,.238,0.2,1.4,.133,0.3,0.5,.500,.286,0.1,0.2,.500,0.2,0.8,1.0,0.4,0.5,0.4,0.8,0.6,1.2
Rodions Kurucs,SF,22,MIL,5,0,6.8,1.0,1.6,.625,0.6,0.8,.750,0.4,0.8,.500,.813,0.4,0.4,1.000,0.6,1.2,1.8,0.8,0.6,0.0,0.8,1.6,3.0
Kyle Kuzma,SF,25,LAL,57,27,28.5,4.9,11.4,.436,2.0,5.7,.351,2.9,5.6,.522,.524,0.9,1.4,.675,1.7,4.6,6.4,1.7,0.5,0.6,1.8,1.8,12.8
Anthony Lamb,SF,23,HOU,14,0,11.9,1.3,3.9,.327,0.6,2.4,.273,0.6,1.6,.409,.409,0.4,0.5,.857,1.1,1.2,2.3,0.4,0.1,0.1,0.4,1.3,3.6
Jeremy Lamb,SG,28,IND,36,8,21.3,3.3,7.7,.435,1.4,3.6,.406,1.9,4.1,.459,.529,2.0,2.1,.947,0.7,2.9,3.6,1.5,0.9,0.6,0.6,2.0,10.1
Romeo Langford,SG,21,BOS,11,3,16.1,0.8,3.0,.273,0.3,1.0,.273,0.5,2.0,.273,.318,0.3,0.3,1.000,0.9,1.4,2.3,0.7,0.4,0.3,0.6,1.4,2.2
Zach LaVine,SG,25,CHI,53,53,35.2,9.8,19.4,.506,3.4,8.2,.416,6.4,11.2,.572,.594,4.4,5.2,.848,0.6,4.5,5.1,5.1,0.8,0.5,3.6,2.3,27.5
Jake Layman,SF,26,MIN,42,11,14.3,2.1,4.2,.497,0.5,1.7,.288,1.6,2.4,.647,.557,0.6,0.9,.703,0.3,1.2,1.5,0.7,0.7,0.4,0.6,1.0,5.3
Jalen Lecque,PG,20,IND,4,0,3.0,0.3,2.3,.111,0.0,0.3,.000,0.3,2.0,.125,.111,0.8,0.8,1.000,0.5,0.8,1.3,0.5,0.0,0.0,0.0,0.0,1.3
Damion Lee,SG,28,GSW,57,1,18.9,2.2,4.8,.467,1.4,3.4,.397,0.9,1.4,.638,.608,0.7,0.8,.909,0.4,2.8,3.2,1.3,0.7,0.1,0.5,1.6,6.5
Saben Lee,PG,21,DET,37,7,15.5,1.9,4.1,.464,0.2,0.4,.438,1.7,3.7,.467,.487,1.4,2.0,.676,0.4,1.7,2.1,3.4,0.7,0.3,1.1,1.6,5.4
Alex Len,C,27,TOT,51,29,15.4,2.7,4.3,.627,0.1,0.5,.304,2.5,3.8,.665,.643,1.2,1.9,.608,1.0,2.8,3.8,0.8,0.3,1.0,1.0,2.0,6.6
Alex Len,C,27,TOR,7,2,10.9,0.7,1.4,.500,0.4,0.9,.500,0.3,0.6,.500,.650,0.4,0.9,.500,0.0,1.6,1.6,0.4,0.1,0.9,1.1,1.4,2.3
Alex Len,C,27,WAS,44,27,16.1,3.0,4.7,.633,0.1,0.4,.235,2.9,4.3,.668,.643,1.3,2.1,.615,1.2,3.0,4.2,0.9,0.3,1.1,1.0,2.1,7.3
Kawhi Leonard,SF,29,LAC,46,46,34.4,9.4,18.2,.516,2.0,5.0,.393,7.4,13.2,.562,.569,5.0,5.7,.878,1.1,5.5,6.7,5.1,1.7,0.4,2.0,1.7,25.7
Meyers Leonard,C,28,MIA,3,2,9.7,1.0,2.3,.429,1.0,2.3,.429,0.0,0.0,0,.643,0.3,0.7,.500,0.0,2.3,2.3,0.7,0.0,0.0,0.7,1.7,3.3
Caris LeVert,SG,26,TOT,35,27,30.9,7.2,16.6,.432,1.7,5.6,.297,5.5,11.0,.500,.482,2.7,3.5,.772,0.8,3.7,4.6,4.7,1.5,0.5,2.0,2.1,18.7
Caris LeVert,SG,26,BRK,12,4,27.8,7.3,16.7,.435,1.8,5.3,.349,5.4,11.4,.474,.490,2.2,2.8,.765,0.8,3.5,4.3,6.0,1.1,0.5,2.2,1.7,18.5
Caris LeVert,SG,26,IND,23,23,32.6,7.1,16.6,.430,1.6,5.7,.273,5.6,10.8,.514,.478,3.0,3.9,.775,0.8,3.9,4.7,4.0,1.7,0.6,1.9,2.3,18.8
Kira Lewis Jr.,PG,19,NOP,42,0,16.3,2.5,6.4,.397,0.8,2.3,.344,1.7,4.1,.427,.459,0.6,0.8,.788,0.2,1.0,1.2,2.3,0.7,0.2,0.6,1.5,6.5
Damian Lillard,PG,30,POR,54,54,36.0,8.8,20.2,.437,4.0,10.8,.373,4.8,9.4,.510,.537,6.9,7.4,.923,0.5,3.7,4.2,7.6,0.9,0.3,3.2,1.6,28.5
Nassir Little,PF,20,POR,39,2,14.3,1.7,3.7,.469,0.7,1.9,.365,1.1,1.8,.577,.562,0.8,1.0,.825,0.8,2.2,2.9,0.5,0.1,0.3,0.4,1.2,5.0
Kevon Looney,C,24,GSW,49,22,17.3,1.6,3.0,.552,0.1,0.3,.250,1.6,2.6,.589,.566,0.5,0.7,.706,1.9,2.9,4.8,1.9,0.4,0.4,0.7,2.1,3.8
Brook Lopez,C,32,MIL,58,58,27.2,4.3,8.9,.482,1.6,4.4,.353,2.7,4.5,.610,.570,1.5,1.8,.854,1.4,3.6,5.0,0.7,0.6,1.4,0.9,2.0,11.6
Robin Lopez,C,32,WAS,59,9,19.8,3.6,5.8,.628,0.1,0.3,.278,3.5,5.5,.647,.635,1.4,2.0,.698,2.0,1.9,3.9,0.8,0.2,0.6,1.1,1.6,8.7
Kevin Love,PF,32,CLE,16,16,22.8,3.9,10.0,.394,2.1,6.4,.333,1.8,3.6,.500,.500,1.8,2.3,.778,0.8,5.8,6.5,2.3,0.5,0.1,1.3,0.9,11.8
Kyle Lowry,PG,34,TOR,42,42,34.7,5.5,12.8,.428,2.6,7.0,.379,2.8,5.8,.488,.532,3.1,3.5,.878,0.8,4.8,5.5,7.2,1.0,0.3,2.8,3.1,16.7
Timothé Luwawu-Cabarrot,SF,25,BRK,53,7,19.0,2.3,6.4,.361,1.4,4.3,.314,1.0,2.1,.455,.466,0.6,0.8,.800,0.5,1.9,2.4,1.2,0.6,0.1,0.8,1.8,6.6
Trey Lyles,PF,25,SAS,23,9,15.6,1.9,3.9,.478,0.6,1.7,.350,1.3,2.2,.580,.556,0.7,1.0,.652,0.4,3.3,3.7,0.6,0.3,0.0,0.3,0.6,5.0
Will Magnay,C,22,NOP,1,0,3.0,0.0,1.0,.000,0.0,1.0,.000,0.0,0.0,0,.000,0.0,0.0,0,0.0,0.0,0.0,0.0,0.0,0.0,1.0,1.0,0.0
Thon Maker,C,23,CLE,8,0,9.5,1.3,2.3,.556,0.0,0.3,.000,1.3,2.0,.625,.556,1.3,1.4,.909,1.0,1.3,2.3,0.5,0.3,0.5,0.4,0.9,3.8
Théo Maledon,PG,19,OKC,54,38,27.7,3.4,9.2,.371,1.6,4.7,.350,1.8,4.5,.393,.461,1.4,1.9,.738,0.4,3.1,3.5,3.5,0.9,0.1,2.1,2.1,9.9
Karim Mané,PG,20,ORL,10,0,8.8,0.3,1.3,.231,0.1,0.2,.500,0.2,1.1,.182,.269,0.4,0.5,.800,0.1,1.3,1.4,0.4,0.0,0.2,0.3,1.0,1.1
Terance Mann,SG,24,LAC,59,8,19.1,2.5,5.2,.481,0.6,1.4,.413,1.9,3.9,.504,.534,1.0,1.3,.803,0.9,2.8,3.7,1.7,0.4,0.2,0.6,2.0,6.6
Nico Mannion,PG,19,GSW,24,1,12.3,1.3,4.0,.337,0.8,2.1,.360,0.6,1.9,.311,.432,0.8,1.0,.800,0.1,1.3,1.4,2.2,0.6,0.0,1.0,1.0,4.3
Boban Marjanović,C,32,DAL,24,3,9.0,2.0,4.3,.480,0.0,0.3,.000,2.0,4.0,.510,.480,0.8,1.1,.769,1.6,2.8,4.4,0.3,0.0,0.2,0.4,1.0,4.9
Lauri Markkanen,PF,23,CHI,40,25,26.8,5.2,10.8,.479,2.4,6.0,.397,2.8,4.8,.580,.589,1.7,2.0,.835,0.7,4.6,5.3,0.9,0.5,0.3,1.1,1.5,14.4
Naji Marshall,SF,23,NOP,20,4,19.0,1.8,4.8,.368,0.7,2.1,.317,1.1,2.7,.407,.437,1.7,2.6,.654,0.3,3.3,3.6,2.6,0.7,0.3,0.8,1.8,5.9
Caleb Martin,SF,25,CHO,44,2,15.4,1.9,5.0,.379,0.6,2.3,.252,1.3,2.6,.491,.438,0.7,1.1,.612,0.7,2.2,2.8,1.2,0.7,0.2,0.7,1.1,5.0
Cody Martin,SF,25,CHO,47,5,15.6,1.5,3.4,.447,0.3,1.0,.265,1.3,2.4,.527,.488,0.5,0.8,.595,0.9,1.8,2.7,1.6,0.6,0.2,0.7,0.9,3.8
Kelan Martin,SF,25,IND,22,0,5.5,0.8,2.1,.370,0.3,1.0,.286,0.5,1.1,.440,.435,0.2,0.2,1.000,0.4,0.8,1.2,0.3,0.2,0.1,0.3,0.5,2.0
Kenyon Martin Jr.,SF,20,HOU,34,1,20.4,2.7,5.3,.508,0.4,1.2,.333,2.3,4.0,.562,.547,1.2,1.6,.714,1.6,3.0,4.6,0.6,0.6,0.9,0.6,1.7,6.9
Frank Mason III,PG,26,ORL,4,1,19.8,2.3,6.0,.375,0.5,1.3,.400,1.8,4.8,.368,.417,1.3,1.8,.714,0.8,2.3,3.0,3.0,0.0,0.0,1.3,1.8,6.3
Garrison Mathews,SG,24,WAS,53,22,17.2,1.6,3.9,.415,1.2,3.2,.391,0.4,0.7,.528,.576,1.3,1.4,.895,0.3,1.2,1.4,0.5,0.5,0.1,0.2,1.7,5.7
Dakota Mathias,SG,25,PHI,8,2,15.4,2.4,6.0,.396,1.0,3.3,.308,1.4,2.8,.500,.479,0.3,0.8,.333,0.1,0.8,0.9,1.6,0.1,0.4,0.1,0.9,6.0
Wesley Matthews,SG,34,LAL,50,7,19.3,1.4,4.2,.335,1.1,3.4,.321,0.3,0.9,.386,.462,0.6,0.7,.857,0.3,1.3,1.5,0.9,0.6,0.3,0.4,1.4,4.5
Tyrese Maxey,SG,20,PHI,51,6,14.8,3.1,6.8,.447,0.4,1.6,.262,2.6,5.2,.506,.479,0.8,1.0,.860,0.2,1.4,1.5,1.6,0.4,0.2,0.6,1.2,7.4
Skylar Mays,SG,23,ATL,27,0,7.4,1.0,2.6,.394,0.4,1.1,.345,0.7,1.6,.429,.465,0.8,0.9,.880,0.3,0.6,1.0,0.8,0.4,0.0,0.3,0.5,3.3
Patrick McCaw,SF,25,TOR,5,0,6.6,0.2,0.2,1.000,0.0,0.0,0,0.2,0.2,1.000,1.000,0.6,0.6,1.000,0.2,0.4,0.6,0.8,0.4,0.0,0.0,1.2,1.0
CJ McCollum,SG,29,POR,34,34,33.9,8.6,19.3,.445,3.7,9.6,.388,4.9,9.7,.502,.542,2.3,2.8,.819,0.7,3.6,4.2,4.8,1.1,0.5,1.4,1.9,23.2
T.J. McConnell,PG,28,IND,56,2,25.8,3.8,6.7,.567,0.2,0.6,.353,3.6,6.1,.588,.583,0.4,0.7,.658,0.8,2.9,3.6,6.6,1.8,0.3,1.9,1.6,8.2
Jaden McDaniels,PF,20,MIN,54,20,23.3,2.6,5.9,.449,1.1,3.0,.372,1.5,2.8,.533,.546,0.4,0.7,.590,0.8,2.8,3.6,1.1,0.5,1.0,0.7,2.6,6.8
Jalen McDaniels,SF,23,CHO,34,10,16.9,2.5,5.5,.457,0.7,2.0,.333,1.8,3.4,.530,.519,0.9,1.2,.732,0.7,2.2,2.9,1.0,0.5,0.3,1.0,2.0,6.6
Doug McDermott,PF,29,IND,53,19,24.3,5.1,9.8,.520,1.6,4.3,.376,3.5,5.5,.631,.602,1.2,1.5,.831,1.0,2.6,3.6,1.3,0.3,0.1,0.8,1.7,13.0
Sean McDermott,SF,24,MEM,17,0,9.2,0.8,1.9,.394,0.3,1.3,.227,0.5,0.6,.727,.470,0.5,0.5,1.000,0.4,0.8,1.1,0.2,0.1,0.2,0.2,0.5,2.3
JaVale McGee,C,33,TOT,38,1,14.7,3.2,6.1,.524,0.1,0.6,.238,3.1,5.6,.552,.534,1.0,1.6,.644,1.6,3.4,5.1,0.9,0.5,1.1,1.4,2.5,7.6
JaVale McGee,C,33,CLE,33,1,15.2,3.4,6.5,.521,0.2,0.6,.250,3.2,5.9,.549,.533,1.1,1.7,.655,1.6,3.5,5.2,1.0,0.5,1.2,1.4,2.4,8.0
JaVale McGee,C,33,DEN,5,0,11.0,2.0,3.6,.556,0.0,0.2,.000,2.0,3.4,.588,.556,0.4,0.8,.500,1.4,3.0,4.4,0.2,0.4,0.6,1.6,3.0,4.4
Rodney McGruder,SG,29,DET,16,2,12.1,2.3,4.4,.529,0.7,1.5,.458,1.6,2.9,.565,.607,0.4,0.5,.750,0.5,0.9,1.4,1.0,0.5,0.1,0.4,0.8,5.7
Alfonzo McKinnie,SF,28,LAL,34,0,6.5,1.1,2.2,.520,0.4,0.9,.438,0.7,1.3,.581,.613,0.3,0.5,.529,0.5,0.9,1.4,0.2,0.1,0.0,0.1,0.6,3.0
Jordan McLaughlin,PG,24,MIN,41,2,19.2,2.0,5.0,.396,0.7,1.8,.365,1.3,3.2,.414,.461,0.4,0.6,.750,0.4,1.7,2.1,4.1,1.1,0.1,1.0,0.9,5.1
Ben McLemore,SG,27,TOT,41,5,17.0,2.6,7.0,.375,1.8,5.2,.343,0.8,1.8,.472,.504,0.9,1.2,.750,0.4,1.6,2.0,0.8,0.5,0.1,0.8,1.8,7.9
Ben McLemore,SG,27,HOU,32,4,16.8,2.5,7.0,.357,1.7,5.2,.331,0.8,1.8,.431,.480,0.7,1.0,.719,0.3,1.7,2.1,0.9,0.6,0.1,0.9,1.6,7.4
Ben McLemore,SG,27,LAL,9,1,17.9,3.0,6.8,.443,2.0,5.2,.383,1.0,1.6,.643,.590,1.4,1.8,.813,0.4,1.3,1.8,0.4,0.1,0.3,0.7,2.6,9.4
Nicolò Melli,PF,30,TOT,34,4,12.2,0.9,2.8,.309,0.4,1.7,.241,0.4,1.1,.417,.383,0.3,0.4,.833,0.5,2.1,2.6,1.0,0.4,0.1,0.3,1.4,2.4
Nicolò Melli,PF,30,NOP,22,0,11.0,0.7,2.7,.254,0.3,1.7,.189,0.4,1.0,.364,.314,0.3,0.3,.857,0.5,2.0,2.6,1.1,0.4,0.0,0.3,1.3,2.0
Nicolò Melli,PF,30,DAL,12,4,14.4,1.2,2.9,.400,0.6,1.8,.333,0.6,1.2,.500,.500,0.3,0.4,.800,0.5,2.2,2.7,0.7,0.3,0.2,0.2,1.8,3.3
De'Anthony Melton,PG,22,MEM,38,1,20.4,3.8,8.0,.477,1.9,4.2,.453,1.9,3.8,.503,.595,0.8,1.0,.769,0.7,2.5,3.2,2.6,1.3,0.5,1.2,1.7,10.3
Sam Merrill,SG,24,MIL,27,1,7.4,1.1,2.3,.484,0.7,1.5,.488,0.4,0.8,.476,.645,0.1,0.1,1.000,0.2,0.8,1.0,0.7,0.2,0.0,0.4,0.6,3.1
Chimezie Metu,C,23,SAC,26,0,9.7,2.1,3.6,.574,0.1,0.4,.300,2.0,3.2,.607,.590,0.7,1.0,.654,1.0,1.6,2.6,0.7,0.3,0.5,0.6,1.5,4.9
Khris Middleton,SF,29,MIL,57,57,33.2,7.4,15.5,.478,2.2,5.1,.427,5.2,10.4,.503,.549,3.0,3.4,.891,0.8,5.1,5.9,5.5,1.1,0.2,2.7,2.4,20.0
Darius Miller,SF,30,OKC,18,0,10.9,1.2,2.7,.458,0.9,2.3,.405,0.3,0.3,.833,.635,0.7,0.7,1.000,0.1,1.2,1.3,1.2,0.7,0.3,0.4,0.7,4.1
Patty Mills,PG,32,SAS,56,0,25.4,4.0,9.4,.424,2.5,6.5,.383,1.5,2.9,.519,.557,1.1,1.2,.910,0.3,1.4,1.7,2.4,0.7,0.0,1.0,1.2,11.6
Paul Millsap,PF,35,DEN,47,34,21.2,3.3,6.9,.486,0.9,2.6,.358,2.4,4.3,.562,.553,1.3,1.8,.706,1.4,3.4,4.8,1.7,0.8,0.7,0.9,2.0,8.9
Shake Milton,SG,24,PHI,52,3,24.0,4.9,11.0,.448,1.1,3.3,.343,3.8,7.7,.494,.500,2.4,2.9,.834,0.6,1.8,2.3,3.0,0.6,0.3,1.8,2.2,13.4
Donovan Mitchell,PG,24,UTA,53,53,33.4,9.0,20.6,.438,3.4,8.7,.386,5.7,11.9,.476,.520,5.0,6.0,.845,0.9,3.5,4.4,5.2,1.0,0.3,2.8,2.2,26.4
Adam Mokoka,SG,22,CHI,11,0,4.6,0.6,1.5,.412,0.1,0.8,.111,0.5,0.7,.750,.441,0.0,0.1,.000,0.1,0.4,0.5,0.5,0.2,0.1,0.3,0.5,1.4
Malik Monk,SG,22,CHO,32,0,21.7,4.6,10.1,.460,2.2,5.2,.424,2.4,4.9,.497,.568,1.7,2.0,.815,0.4,2.3,2.7,1.9,0.5,0.1,1.5,1.2,13.1
E'Twaun Moore,SG,31,PHO,24,1,14.5,1.8,4.3,.422,0.3,1.2,.276,1.5,3.0,.479,.461,0.3,0.4,.800,0.5,1.2,1.8,1.5,0.6,0.2,0.8,1.3,4.3
Ja Morant,PG,21,MEM,50,50,32.2,7.0,15.3,.455,1.1,3.6,.291,5.9,11.7,.506,.490,4.4,6.0,.732,1.0,2.8,3.8,7.4,0.9,0.2,3.1,1.4,19.4
Juwan Morgan,PF,23,UTA,23,0,5.0,0.5,1.0,.500,0.1,0.5,.273,0.3,0.5,.727,.568,0.1,0.3,.429,0.3,0.7,1.0,0.3,0.2,0.0,0.1,0.8,1.2
Marcus Morris,PF,31,LAC,49,20,25.8,4.8,10.2,.471,2.5,5.2,.478,2.3,5.0,.463,.593,1.2,1.4,.803,0.6,3.4,4.0,1.0,0.6,0.2,0.9,2.1,13.3
Markieff Morris,PF,31,LAL,52,26,20.6,2.7,6.4,.425,1.2,3.7,.325,1.5,2.8,.559,.518,0.6,0.8,.744,0.8,3.8,4.6,1.2,0.3,0.3,0.9,1.8,7.3
Monte Morris,PG,25,DEN,44,13,26.2,4.0,8.3,.477,1.1,3.0,.377,2.8,5.3,.532,.544,1.3,1.6,.789,0.3,1.9,2.2,3.2,0.7,0.3,0.7,1.0,10.3
Mychal Mulder,PG,26,GSW,48,3,10.3,1.3,3.1,.420,1.0,2.6,.365,0.4,0.5,.708,.573,0.2,0.4,.579,0.0,0.7,0.8,0.4,0.2,0.2,0.2,0.8,3.8
Dejounte Murray,PG,24,SAS,56,56,31.6,6.4,14.3,.449,1.0,3.1,.333,5.4,11.2,.481,.485,1.6,2.0,.795,0.7,6.2,6.9,5.3,1.6,0.1,1.7,2.0,15.4
Jamal Murray,PG,23,DEN,48,48,35.5,7.9,16.5,.477,2.7,6.6,.408,5.2,9.9,.523,.559,2.8,3.2,.869,0.8,3.3,4.0,4.8,1.3,0.3,2.3,2.0,21.2
Mike Muscala,C,29,OKC,35,0,18.4,3.4,7.6,.446,1.9,5.3,.370,1.5,2.4,.614,.573,0.9,1.0,.917,0.5,3.2,3.8,0.8,0.2,0.3,0.6,1.5,9.7
Sviatoslav Mykhailiuk,SF,23,DET,36,5,17.6,2.3,6.2,.377,1.6,4.8,.333,0.8,1.4,.519,.504,0.7,0.8,.800,0.3,1.8,2.1,1.6,0.8,0.2,1.1,0.9,6.9
Sviatoslav Mykhailiuk,SG,23,OKC,20,9,23.9,4.0,8.8,.457,1.5,4.3,.337,2.6,4.5,.573,.540,0.5,0.8,.667,0.6,2.8,3.4,1.8,0.7,0.3,1.7,0.9,10.0
Abdel Nader,SF,27,PHO,24,0,14.8,2.4,4.8,.491,0.8,1.8,.419,1.6,3.0,.534,.569,1.2,1.5,.757,0.3,2.3,2.6,0.8,0.4,0.4,0.8,1.4,6.7
Larry Nance Jr.,PF,28,CLE,34,27,31.4,3.7,7.8,.475,1.2,3.3,.369,2.5,4.5,.552,.553,0.9,1.4,.617,1.6,5.1,6.7,3.0,1.8,0.5,1.6,2.0,9.5
Aaron Nesmith,SF,21,BOS,34,0,12.7,1.1,3.1,.375,0.7,2.2,.338,0.4,0.9,.467,.495,0.3,0.5,.688,0.5,1.8,2.2,0.4,0.3,0.2,0.5,1.4,3.4
Raul Neto,PG,28,WAS,53,11,20.9,3.2,6.9,.459,1.0,2.6,.374,2.2,4.3,.511,.530,0.9,1.1,.842,0.4,1.9,2.3,2.2,1.2,0.1,0.8,1.6,8.3
Georges Niang,PF,27,UTA,60,1,14.5,2.2,5.0,.433,1.5,3.6,.410,0.7,1.4,.494,.582,0.2,0.2,1.000,0.4,2.1,2.4,0.8,0.3,0.1,0.7,1.6,5.9
Zeke Nnaji,PF,20,DEN,38,1,9.4,1.2,2.4,.484,0.5,1.4,.385,0.6,1.0,.615,.593,0.3,0.4,.800,0.3,1.2,1.5,0.2,0.2,0.1,0.2,0.7,3.2
Nerlens Noel,C,26,NYK,54,31,23.8,2.2,3.5,.616,0.0,0.0,.000,2.2,3.5,.622,.616,0.8,1.1,.695,2.3,4.2,6.5,0.7,1.0,2.2,1.1,2.7,5.1
Jaylen Nowell,SG,21,MIN,38,0,18.8,3.6,8.4,.428,1.2,3.7,.338,2.3,4.7,.497,.502,1.1,1.3,.824,0.5,1.9,2.3,1.6,0.6,0.3,0.7,1.8,9.5
Frank Ntilikina,PG,22,NYK,24,4,10.9,1.0,2.7,.369,0.8,1.6,.474,0.3,1.1,.222,.508,0.3,0.7,.500,0.2,0.8,1.0,0.6,0.6,0.1,0.4,1.6,3.1
Kendrick Nunn,PG,25,MIA,47,35,29.0,5.4,11.5,.468,2.2,5.7,.383,3.2,5.8,.551,.563,1.0,1.1,.923,0.4,2.9,3.2,2.8,1.0,0.3,1.4,1.9,14.0
James Nunnally,SF,30,NOP,3,0,8.0,1.0,2.3,.429,0.7,2.0,.333,0.3,0.3,1.000,.571,0.0,0.0,0,0.3,1.0,1.3,0.0,0.0,0.0,0.3,0.0,2.7
Jusuf Nurkić,C,26,POR,24,24,23.0,4.0,8.1,.495,0.4,1.0,.360,3.6,7.0,.515,.518,1.6,2.6,.613,2.1,5.8,7.8,3.3,1.0,0.9,2.0,3.0,10.0
David Nwaba,SF,28,HOU,30,9,22.6,3.5,7.3,.486,0.6,2.1,.270,3.0,5.2,.574,.525,1.6,2.3,.691,1.3,2.6,3.9,1.0,1.0,0.7,0.6,2.0,9.2
Jordan Nwora,SF,22,MIL,25,2,9.1,1.9,4.3,.444,1.0,2.1,.462,1.0,2.2,.429,.556,0.7,0.8,.810,0.2,1.6,1.8,0.3,0.6,0.2,0.8,0.8,5.5
Royce O'Neale,SF,27,UTA,59,59,32.0,2.4,5.5,.439,1.5,3.9,.375,0.9,1.6,.596,.572,0.6,0.7,.857,1.2,5.8,7.1,2.5,0.8,0.5,1.1,2.7,6.9
Semi Ojeleye,PF,26,BOS,50,12,17.5,1.6,4.0,.400,1.1,2.9,.386,0.5,1.1,.436,.540,0.5,0.6,.750,0.5,2.1,2.6,0.7,0.3,0.0,0.4,1.1,4.8
Jahlil Okafor,C,25,DET,19,0,11.1,1.9,3.3,.597,0.1,0.3,.333,1.8,2.9,.625,.613,0.4,0.5,.800,0.7,1.4,2.1,0.6,0.2,0.2,0.5,1.2,4.4
Chuma Okeke,PF,22,ORL,42,16,24.9,2.8,6.9,.403,1.0,3.0,.328,1.8,3.9,.460,.474,0.7,0.9,.757,1.0,3.1,4.0,2.2,1.0,0.5,0.8,1.1,7.2
Josh Okogie,SG,22,MIN,48,32,21.2,1.8,4.6,.400,0.5,2.0,.266,1.3,2.6,.500,.457,1.4,1.8,.802,0.9,1.6,2.5,1.1,1.0,0.5,0.8,2.2,5.6
Onyeka Okongwu,C,20,ATL,38,3,11.2,1.6,2.6,.616,0.0,0.1,.000,1.6,2.6,.629,.616,0.7,1.2,.622,1.1,2.0,3.0,0.2,0.4,0.6,0.5,2.0,3.9
Isaac Okoro,SG,20,CLE,54,54,31.8,3.0,7.2,.422,0.9,2.8,.303,2.2,4.4,.498,.481,1.3,1.7,.723,0.9,1.9,2.8,1.8,1.0,0.4,1.3,2.7,8.2
KZ Okpala,PF,21,MIA,30,9,12.8,1.0,2.8,.345,0.4,1.6,.255,0.6,1.2,.459,.417,0.1,0.3,.300,0.6,1.4,2.0,0.5,0.3,0.3,0.4,1.7,2.4
Victor Oladipo,SG,28,TOT,33,33,32.7,7.1,17.5,.408,2.4,7.2,.326,4.8,10.2,.466,.476,3.2,4.2,.754,0.4,4.5,4.8,4.6,1.4,0.4,2.5,2.5,19.8
Victor Oladipo,SG,28,IND,9,9,33.3,7.1,16.9,.421,2.8,7.7,.362,4.3,9.2,.470,.503,3.0,4.1,.730,0.1,5.6,5.7,4.2,1.7,0.2,2.0,2.6,20.0
Victor Oladipo,SG,28,HOU,20,20,33.5,7.8,19.1,.407,2.5,7.7,.320,5.3,11.4,.465,.471,3.3,4.2,.783,0.4,4.4,4.8,5.0,1.2,0.5,2.6,2.3,21.2
Victor Oladipo,SG,28,MIA,4,4,27.8,4.0,10.8,.372,1.0,4.3,.235,3.0,6.5,.462,.419,3.0,4.5,.667,0.8,2.8,3.5,3.5,1.8,0.5,3.5,3.3,12.0
Kelly Olynyk,C,29,MIA,43,38,26.9,3.8,8.7,.431,1.8,5.7,.317,2.0,3.1,.639,.533,0.7,0.9,.775,1.0,5.0,6.1,2.1,0.9,0.6,1.3,2.9,10.0
Kelly Olynyk,PF,29,HOU,17,14,30.9,6.5,11.1,.582,1.9,4.8,.402,4.5,6.3,.720,.669,3.1,3.5,.881,1.4,6.6,7.9,2.9,1.1,0.5,2.4,2.6,17.9
Miye Oni,SG,23,UTA,44,0,9.1,0.7,1.9,.353,0.6,1.7,.333,0.1,0.2,.500,.500,0.1,0.1,.833,0.4,1.2,1.6,0.4,0.1,0.2,0.3,1.2,2.0
Cedi Osman,SF,25,CLE,49,17,24.1,3.4,9.5,.360,1.6,5.3,.300,1.8,4.2,.436,.444,1.1,1.5,.743,0.6,2.7,3.3,2.6,0.9,0.2,1.1,1.8,9.5
Daniel Oturu,C,21,LAC,23,0,4.1,0.6,1.1,.538,0.0,0.0,.000,0.6,1.1,.560,.538,0.2,0.3,.625,0.4,0.7,1.0,0.3,0.0,0.1,0.2,0.6,1.4
Kelly Oubre Jr.,SF,25,GSW,53,50,30.8,5.8,13.2,.442,1.6,5.1,.321,4.2,8.0,.519,.504,2.2,3.2,.701,1.5,4.6,6.0,1.4,1.1,0.8,1.3,2.2,15.5
Jabari Parker,PF,25,TOT,7,0,12.4,2.4,4.3,.567,0.0,0.6,.000,2.4,3.7,.654,.567,0.1,0.3,.500,1.0,2.3,3.3,1.0,0.1,0.4,1.0,1.0,5.0
Jabari Parker,PF,25,SAC,3,0,9.0,1.3,2.3,.571,0.0,0.3,.000,1.3,2.0,.667,.571,0.0,0.0,0,0.3,1.7,2.0,0.3,0.0,0.3,1.0,1.3,2.7
Jabari Parker,PF,25,BOS,4,0,15.0,3.3,5.8,.565,0.0,0.8,.000,3.3,5.0,.650,.565,0.3,0.5,.500,1.5,2.8,4.3,1.5,0.3,0.5,1.0,0.8,6.8
Eric Paschall,PF,24,GSW,39,2,17.3,3.7,7.5,.491,0.4,1.4,.321,3.3,6.2,.529,.520,1.6,2.3,.719,0.7,2.5,3.2,1.3,0.3,0.2,1.1,1.7,9.5
Anžejs Pasečņiks,C,25,WAS,1,0,6.0,0.0,1.0,.000,0.0,1.0,.000,0.0,0.0,0,.000,0.0,0.0,0,1.0,0.0,1.0,1.0,0.0,0.0,5.0,2.0,0.0
Patrick Patterson,PF,31,LAC,33,4,14.3,1.8,4.0,.451,1.1,2.8,.385,0.8,1.3,.595,.583,0.4,0.5,.750,0.5,1.5,1.9,0.7,0.4,0.2,0.3,1.3,5.1
Justin Patton,C,23,HOU,13,6,19.0,2.2,5.4,.414,0.7,2.6,.265,1.5,2.8,.556,.479,0.2,0.3,.750,1.1,2.7,3.8,1.1,0.9,1.1,0.3,2.6,5.4
Chris Paul,PG,35,PHO,58,58,31.7,6.1,12.5,.487,1.4,3.7,.377,4.7,8.8,.533,.543,2.4,2.6,.927,0.4,4.2,4.7,8.8,1.4,0.2,2.1,2.3,16.0
Cameron Payne,PG,26,PHO,48,0,17.3,2.8,6.0,.467,1.0,2.5,.400,1.8,3.5,.515,.551,0.7,0.9,.854,0.3,2.0,2.3,3.5,0.6,0.2,1.1,1.7,7.3
Elfrid Payton,PG,26,NYK,52,52,25.3,4.8,10.8,.440,0.5,1.8,.283,4.3,9.0,.471,.463,1.3,1.9,.690,1.2,2.4,3.6,3.4,0.8,0.2,1.8,1.8,11.3
Gary Payton II,PG,28,GSW,8,0,2.6,0.6,1.0,.625,0.1,0.4,.333,0.5,0.6,.800,.688,0.4,0.5,.750,0.3,0.6,0.9,0.0,0.6,0.1,0.1,0.8,1.8
Norvel Pelle,C,27,TOT,8,0,7.3,0.8,1.5,.500,0.0,0.0,0,0.8,1.5,.500,.500,0.5,0.8,.667,0.6,1.3,1.9,0.1,0.1,0.8,0.4,1.3,2.0
Norvel Pelle,C,27,BRK,3,0,9.3,1.0,2.3,.429,0.0,0.0,0,1.0,2.3,.429,.429,0.0,0.0,0,1.0,1.3,2.3,0.0,0.0,1.0,1.0,3.0,2.0
Norvel Pelle,C,27,SAC,1,0,4.0,0.0,1.0,.000,0.0,0.0,0,0.0,1.0,.000,.000,3.0,4.0,.750,1.0,0.0,1.0,1.0,0.0,0.0,0.0,1.0,3.0
Norvel Pelle,C,27,NYK,4,0,6.5,0.8,1.0,.750,0.0,0.0,0,0.8,1.0,.750,.750,0.3,0.5,.500,0.3,1.5,1.8,0.0,0.3,0.8,0.0,0.0,1.8
Reggie Perry,PF,20,BRK,21,0,9.5,1.5,3.5,.419,0.2,1.0,.200,1.3,2.6,.500,.446,0.5,0.6,.769,1.1,2.0,3.1,0.7,0.3,0.3,0.7,1.7,3.6
Theo Pinson,SG,25,NYK,14,0,2.2,0.1,0.6,.111,0.0,0.6,.000,0.1,0.1,1.000,.111,0.0,0.0,0,0.0,0.1,0.1,0.1,0.0,0.0,0.1,0.3,0.1
Mason Plumlee,C,30,DET,54,54,26.9,4.1,6.8,.609,0.0,0.1,.000,4.1,6.6,.621,.609,2.1,3.1,.673,2.6,6.8,9.4,3.6,0.8,0.9,1.9,3.4,10.4
Jakob Poeltl,C,25,SAS,58,40,26.3,3.8,6.1,.628,0.0,0.0,0,3.8,6.1,.628,.628,0.9,1.8,.476,3.3,4.7,8.0,1.9,0.6,1.8,1.3,2.4,8.5
Vincent Poirier,C,27,PHI,10,0,3.9,0.3,1.2,.250,0.0,0.1,.000,0.3,1.1,.273,.250,0.2,0.6,.333,0.6,0.8,1.4,0.2,0.0,0.3,0.4,0.8,0.8
Aleksej Pokusevski,PF,19,OKC,37,20,23.4,2.8,8.6,.328,1.2,4.6,.265,1.6,4.0,.401,.399,0.6,0.8,.800,0.7,4.0,4.7,2.0,0.4,1.1,2.0,1.2,7.5
Jordan Poole,SG,21,GSW,39,6,18.4,3.8,8.8,.429,1.8,5.0,.352,2.0,3.8,.530,.529,1.7,1.9,.895,0.2,1.3,1.5,1.9,0.5,0.2,0.9,1.7,11.1
Jontay Porter,PF,21,MEM,7,0,3.1,0.4,1.1,.375,0.3,0.9,.333,0.1,0.3,.500,.500,0.0,0.0,0,0.3,1.0,1.3,0.1,0.3,0.0,0.7,0.9,1.1
Kevin Porter Jr.,SG,20,HOU,21,18,31.6,5.7,13.6,.421,1.7,5.8,.289,4.0,7.8,.518,.482,2.4,3.2,.746,0.7,3.1,3.8,6.2,0.8,0.3,3.4,2.3,15.5
Michael Porter Jr.,SF,22,DEN,50,43,31.1,6.9,12.8,.540,2.6,6.0,.443,4.3,6.9,.625,.643,1.7,2.2,.775,1.7,5.9,7.6,1.0,0.6,1.0,1.1,2.0,18.2
Otto Porter,SF,27,CHI,25,6,21.6,3.6,8.1,.441,1.5,3.8,.400,2.0,4.3,.477,.535,1.2,1.5,.838,1.1,4.4,5.5,2.0,0.5,0.2,1.0,1.5,9.9
Otto Porter,PF,27,ORL,3,0,22.0,3.0,8.3,.360,0.3,3.0,.111,2.7,5.3,.500,.380,1.7,1.7,1.000,0.0,4.7,4.7,1.7,1.3,0.0,0.0,1.3,8.0
Bobby Portis,C,25,MIL,55,6,21.2,4.8,9.1,.529,1.2,2.5,.481,3.6,6.7,.546,.594,0.7,0.9,.750,1.8,5.2,7.0,1.1,0.7,0.4,0.8,1.7,11.5
Kristaps Porziņģis,C,25,DAL,39,39,31.4,7.6,16.1,.474,2.2,6.2,.363,5.4,10.0,.542,.543,2.9,3.4,.850,2.0,7.3,9.3,1.6,0.5,1.5,1.3,2.7,20.4
Dwight Powell,C,29,DAL,45,11,14.9,1.8,3.2,.576,0.1,0.4,.250,1.7,2.8,.629,.594,1.4,1.9,.774,1.2,2.3,3.5,0.8,0.6,0.3,0.6,2.2,5.2
Norman Powell,SG,27,TOR,42,31,30.4,6.7,13.5,.498,2.8,6.4,.439,3.9,7.1,.552,.602,3.4,3.9,.865,0.5,2.5,3.0,1.8,1.1,0.2,1.8,2.3,19.6
Norman Powell,SF,27,POR,15,15,34.3,5.9,13.2,.444,1.9,5.7,.341,3.9,7.5,.522,.518,3.6,4.2,.857,0.9,2.1,3.0,1.8,1.5,0.4,1.8,2.3,17.3
Taurean Prince,PF,26,TOT,41,10,22.1,3.2,8.0,.401,1.5,3.8,.400,1.7,4.2,.401,.495,1.6,1.9,.855,0.5,3.0,3.5,1.9,0.7,0.6,1.1,1.8,9.5
Taurean Prince,PF,26,BRK,12,4,18.2,2.5,6.2,.405,1.1,3.1,.351,1.4,3.1,.459,.493,2.0,2.3,.889,0.2,2.7,2.8,0.6,0.7,0.7,0.9,1.8,8.1
Taurean Prince,PF,26,CLE,29,6,23.7,3.5,8.7,.399,1.7,4.1,.415,1.8,4.7,.385,.496,1.4,1.7,.837,0.6,3.1,3.7,2.4,0.7,0.5,1.2,1.9,10.1
Payton Pritchard,SG,23,BOS,54,2,19.1,2.7,6.0,.454,1.4,3.4,.424,1.3,2.6,.493,.574,0.5,0.6,.900,0.5,1.7,2.3,1.8,0.5,0.2,0.8,1.6,7.4
Immanuel Quickley,PG,21,NYK,56,3,19.5,3.6,9.3,.392,1.9,4.8,.389,1.8,4.5,.394,.492,2.5,2.8,.892,0.4,1.8,2.2,2.1,0.5,0.2,0.9,1.8,11.7
Jahmi'us Ramsey,SG,19,SAC,5,0,3.4,0.6,1.0,.600,0.2,0.6,.333,0.4,0.4,1.000,.700,0.0,0.0,0,0.0,0.8,0.8,0.2,0.0,0.2,0.2,0.0,1.4
Chasson Randle,PG,27,ORL,28,5,19.6,1.9,5.0,.388,1.1,2.9,.370,0.9,2.1,.414,.496,0.7,0.8,.826,0.1,1.6,1.7,1.9,0.5,0.1,1.1,1.6,5.6
Julius Randle,PF,26,NYK,60,60,37.5,8.5,18.3,.462,2.2,5.3,.416,6.3,13.0,.481,.522,4.9,6.1,.805,1.3,9.2,10.5,6.0,1.0,0.3,3.5,3.2,24.0
Cam Reddish,SF,21,ATL,26,21,28.8,3.7,10.1,.365,1.3,4.8,.262,2.4,5.3,.460,.428,2.6,3.2,.817,0.8,3.2,4.0,1.3,1.3,0.3,1.3,2.6,11.2
J.J. Redick,SG,36,TOT,38,0,17.6,2.7,6.5,.415,1.6,4.2,.385,1.1,2.2,.471,.541,1.2,1.3,.940,0.1,1.5,1.6,1.2,0.3,0.1,0.9,1.1,8.2
J.J. Redick,SG,36,NOP,31,0,18.6,2.8,6.9,.407,1.6,4.5,.364,1.2,2.4,.486,.526,1.5,1.5,.957,0.1,1.6,1.7,1.3,0.3,0.1,0.8,1.2,8.7
J.J. Redick,SG,36,DAL,7,0,13.4,2.1,4.6,.469,1.6,3.0,.524,0.6,1.6,.364,.641,0.3,0.4,.667,0.1,1.3,1.4,0.7,0.1,0.1,1.1,0.6,6.1
Paul Reed,PF,21,PHI,18,0,6.4,1.3,2.6,.489,0.0,0.3,.000,1.3,2.3,.561,.489,0.1,0.2,.250,0.8,1.0,1.8,0.3,0.3,0.4,0.4,1.0,2.6
Naz Reid,C,21,MIN,59,15,19.2,4.2,8.2,.517,0.8,2.4,.343,3.4,5.8,.587,.566,1.8,2.5,.738,1.1,3.5,4.6,1.1,0.5,1.1,1.0,2.5,11.1
Cameron Reynolds,SF,25,SAS,3,0,2.0,0.3,0.7,.500,0.0,0.0,0,0.3,0.7,.500,.500,0.0,0.0,0,0.0,0.0,0.0,0.0,0.0,0.0,0.0,0.0,0.7
Nick Richards,PF,23,CHO,16,0,3.7,0.3,0.4,.571,0.0,0.0,0,0.3,0.4,.571,.571,0.4,0.7,.636,0.1,0.4,0.6,0.1,0.0,0.0,0.2,0.4,0.9
Josh Richardson,SG,27,DAL,48,48,31.8,4.5,10.4,.429,1.5,4.8,.316,3.0,5.7,.524,.501,1.8,2.0,.905,0.9,2.6,3.5,2.8,0.9,0.4,1.4,2.4,12.3
Grant Riller,PG,23,CHO,4,0,5.0,1.0,1.8,.571,0.3,0.8,.333,0.8,1.0,.750,.643,0.0,0.0,0,0.0,0.0,0.0,0.8,0.3,0.0,0.3,0.0,2.3
Austin Rivers,SG,28,TOT,24,2,21.1,2.7,6.3,.430,1.3,3.6,.356,1.4,2.7,.531,.533,0.5,0.8,.722,0.3,2.1,2.3,2.0,0.5,0.0,1.0,1.5,7.3
Austin Rivers,SG,28,NYK,21,2,21.0,2.8,6.4,.430,1.3,3.7,.364,1.4,2.8,.517,.533,0.5,0.7,.714,0.2,2.0,2.2,2.0,0.6,0.0,1.0,1.5,7.3
Austin Rivers,SG,28,DEN,3,0,21.7,2.3,5.3,.438,1.0,3.3,.300,1.3,2.0,.667,.531,1.0,1.3,.750,0.3,2.7,3.0,1.7,0.0,0.3,0.3,1.7,6.7
Andre Roberson,SG,29,BRK,5,0,12.6,0.4,2.8,.143,0.2,1.6,.125,0.2,1.2,.167,.179,0.2,0.4,.500,1.4,1.6,3.0,0.8,0.6,0.2,0.4,0.8,1.2
Duncan Robinson,SF,26,MIA,61,61,32.1,4.4,10.1,.440,3.5,8.6,.405,0.9,1.4,.648,.613,0.8,1.0,.836,0.1,3.5,3.6,1.8,0.6,0.2,1.2,2.5,13.2
Glenn Robinson III,SF,27,SAC,23,2,16.0,1.8,4.3,.424,0.7,1.9,.364,1.1,2.4,.473,.505,0.9,1.0,.913,0.5,1.5,2.0,0.9,0.2,0.1,0.5,1.0,5.3
Jerome Robinson,SG,23,WAS,17,6,17.9,1.6,5.6,.295,0.6,2.5,.262,1.0,3.1,.321,.353,0.9,1.2,.800,0.2,2.0,2.2,1.5,0.7,0.4,1.1,1.8,4.9
Justin Robinson,PG,23,OKC,9,0,9.8,0.8,2.3,.333,0.4,1.6,.286,0.3,0.8,.429,.429,0.3,0.6,.600,0.1,0.7,0.8,1.0,0.3,0.0,0.2,1.1,2.3
Mitchell Robinson,C,22,NYK,31,29,27.5,3.7,5.7,.653,0.0,0.0,0,3.7,5.7,.653,.653,0.8,1.7,.491,3.6,4.5,8.1,0.5,1.1,1.5,0.8,2.8,8.3
Isaiah Roby,PF,22,OKC,49,26,23.7,3.5,7.0,.500,0.6,1.7,.341,2.9,5.3,.550,.541,1.4,2.0,.719,1.6,4.1,5.7,1.9,0.8,0.7,1.9,2.7,9.0
Rajon Rondo,PG,34,TOT,36,2,15.8,1.8,4.4,.418,0.7,1.8,.375,1.2,2.6,.447,.494,0.3,0.3,.909,0.3,1.8,2.1,3.9,0.7,0.1,1.5,1.2,4.6
Rajon Rondo,PG,34,ATL,27,2,14.9,1.6,4.1,.400,0.6,1.7,.378,1.0,2.4,.415,.477,0.0,0.1,.500,0.1,1.9,2.0,3.5,0.7,0.1,1.4,0.9,3.9
Rajon Rondo,PG,34,LAC,9,0,18.6,2.4,5.3,.458,0.8,2.1,.368,1.7,3.2,.517,.531,1.0,1.0,1.000,0.8,1.7,2.4,5.2,0.8,0.1,1.7,1.9,6.7
Derrick Rose,PG,32,TOT,40,3,24.7,5.3,11.9,.448,0.9,2.6,.353,4.4,9.3,.475,.486,2.3,2.7,.841,0.4,1.9,2.3,4.1,1.1,0.4,1.5,1.2,13.8
Derrick Rose,PG,32,DET,15,0,22.8,5.3,12.3,.429,0.9,2.6,.333,4.4,9.7,.455,.465,2.8,3.3,.840,0.4,1.5,1.9,4.2,1.2,0.3,1.9,1.1,14.2
Derrick Rose,PG,32,NYK,25,3,25.8,5.4,11.6,.460,0.9,2.5,.365,4.4,9.1,.487,.500,1.9,2.3,.842,0.3,2.2,2.5,4.0,1.0,0.5,1.3,1.2,13.6
Terrence Ross,SG,29,ORL,46,2,29.3,5.5,13.4,.412,1.9,5.7,.337,3.6,7.7,.469,.485,2.6,3.0,.870,0.3,3.1,3.4,2.3,1.0,0.5,1.6,1.9,15.6
Terry Rozier,SG,26,CHO,56,56,34.1,7.5,16.1,.465,3.3,8.3,.400,4.2,7.8,.534,.568,2.4,2.9,.825,0.5,3.7,4.2,4.0,1.3,0.4,1.9,1.7,20.6
Ricky Rubio,PG,30,MIN,57,42,26.2,2.7,7.2,.378,0.9,2.9,.301,1.8,4.3,.430,.439,2.0,2.3,.856,0.4,2.8,3.2,6.6,1.4,0.1,1.8,2.1,8.3
D'Angelo Russell,PG,24,MIN,31,19,27.7,6.8,15.5,.441,2.9,7.1,.407,3.9,8.4,.469,.534,2.7,3.4,.800,0.4,2.1,2.5,4.9,1.0,0.4,2.7,1.7,19.3
Domantas Sabonis,PF,24,IND,53,53,35.7,7.5,14.4,.520,0.8,2.6,.302,6.7,11.8,.568,.547,4.1,5.6,.731,2.5,9.1,11.6,6.0,1.1,0.5,3.4,3.4,19.9
Luka Šamanić,PF,21,SAS,27,4,9.2,1.3,2.9,.430,0.3,1.4,.243,0.9,1.6,.595,.487,0.4,0.9,.500,0.5,1.6,2.0,0.5,0.3,0.2,0.6,1.3,3.3
JaKarr Sampson,PF,27,IND,22,1,8.6,1.3,3.0,.424,0.1,0.5,.200,1.2,2.5,.464,.439,0.7,1.1,.625,0.8,1.5,2.3,0.1,0.1,0.4,0.3,1.5,3.3
Dario Šarić,C,26,PHO,41,1,17.5,3.2,7.1,.451,1.0,2.9,.339,2.2,4.3,.526,.519,1.7,1.9,.872,1.0,3.0,4.0,1.3,0.6,0.1,1.2,2.0,9.1
Tomáš Satoranský,SG,29,CHI,48,18,23.3,2.9,5.8,.507,0.8,2.1,.379,2.1,3.6,.583,.577,1.2,1.3,.889,0.5,1.9,2.4,4.9,0.8,0.2,1.7,1.6,7.9
Dennis Schröder,SG,27,LAL,56,56,32.0,5.4,12.4,.438,1.2,3.4,.344,4.3,9.1,.472,.484,3.5,4.2,.843,0.5,3.0,3.5,5.7,1.2,0.2,2.7,2.6,15.6
Mike Scott,PF,32,PHI,41,11,17.6,1.6,4.2,.374,1.1,3.2,.344,0.5,1.0,.475,.506,0.2,0.3,.667,0.2,2.3,2.6,0.7,0.5,0.2,0.4,1.5,4.4
Collin Sexton,SG,22,CLE,50,50,35.7,9.0,18.4,.487,1.7,4.4,.376,7.3,14.0,.522,.532,4.8,5.9,.815,0.9,2.2,3.0,4.1,1.1,0.1,2.6,2.7,24.5
Landry Shamet,SG,23,BRK,49,5,21.9,3.1,7.5,.411,2.1,5.4,.393,0.9,2.0,.460,.554,1.1,1.3,.857,0.2,1.6,1.8,1.5,0.5,0.1,0.8,1.5,9.4
Iman Shumpert,SG,30,BRK,2,0,5.5,0.5,2.0,.250,0.0,1.5,.000,0.5,0.5,1.000,.250,0.0,0.0,0,0.5,0.0,0.5,0.0,0.5,0.0,0.5,0.0,1.0
Pascal Siakam,PF,26,TOR,48,48,35.7,7.5,16.6,.454,1.3,4.4,.297,6.3,12.3,.509,.492,4.7,5.6,.839,1.7,5.6,7.2,4.7,1.1,0.7,2.2,3.3,21.0
Chris Silva,PF,24,TOT,15,0,6.1,0.7,1.1,.625,0.1,0.1,1.000,0.6,1.0,.600,.656,0.7,1.0,.733,0.5,1.3,1.8,0.4,0.1,0.4,0.7,1.6,2.1
Chris Silva,PF,24,MIA,11,0,7.5,0.8,1.2,.692,0.1,0.1,1.000,0.7,1.1,.667,.731,1.0,1.4,.733,0.6,1.6,2.3,0.5,0.1,0.5,0.8,1.8,2.7
Chris Silva,PF,24,SAC,4,0,2.3,0.3,0.8,.333,0.0,0.0,0,0.3,0.8,.333,.333,0.0,0.0,0,0.0,0.5,0.5,0.0,0.0,0.3,0.3,1.0,0.5
Ben Simmons,PG,24,PHI,48,48,33.3,5.7,10.4,.545,0.1,0.2,.300,5.6,10.2,.550,.548,3.4,5.5,.615,1.7,6.0,7.6,7.1,1.6,0.6,3.3,3.1,14.8
Anfernee Simons,SG,21,POR,51,0,16.4,2.6,6.4,.414,1.9,4.5,.419,0.7,1.9,.400,.562,0.7,0.9,.766,0.2,2.0,2.2,1.4,0.3,0.1,0.7,1.5,7.8
Deividas Sirvydis,SG,20,DET,14,0,2.7,0.4,1.2,.294,0.3,0.9,.308,0.1,0.3,.250,.412,0.2,0.3,.750,0.0,0.6,0.6,0.1,0.1,0.0,0.2,0.2,1.2
Alen Smailagić,PF,20,GSW,9,1,4.2,0.7,1.4,.462,0.2,0.6,.400,0.4,0.9,.500,.538,0.1,0.4,.250,0.3,0.4,0.8,0.2,0.1,0.3,0.0,0.7,1.7
Marcus Smart,PG,26,BOS,40,37,32.7,4.4,10.6,.409,2.0,5.9,.345,2.3,4.8,.489,.505,2.8,3.6,.790,0.8,2.7,3.5,5.5,1.5,0.5,1.8,2.5,13.6
Dennis Smith Jr.,PG,23,TOT,23,9,18.3,2.5,6.3,.400,0.8,2.5,.328,1.7,3.8,.448,.466,0.8,1.1,.731,0.5,1.9,2.4,3.3,1.0,0.6,1.1,1.6,6.7
Dennis Smith Jr.,PG,23,NYK,3,0,9.3,0.7,3.3,.200,0.0,1.3,.000,0.7,2.0,.333,.200,1.7,2.0,.833,0.0,0.7,0.7,1.0,1.0,0.0,0.3,1.3,3.0
Dennis Smith Jr.,PG,23,DET,20,9,19.6,2.8,6.8,.415,1.0,2.7,.352,1.9,4.1,.457,.485,0.7,1.0,.700,0.6,2.1,2.7,3.7,1.0,0.7,1.3,1.7,7.3
Ish Smith,PG,32,WAS,31,1,20.2,2.5,6.2,.411,0.4,1.0,.344,2.2,5.2,.425,.440,0.4,0.7,.522,0.5,2.8,3.3,4.2,0.6,0.3,1.0,1.3,5.8
Jalen Smith,PF,20,PHO,20,0,4.4,0.6,1.5,.379,0.1,0.6,.182,0.5,0.9,.500,.414,0.1,0.2,.333,0.3,0.7,1.0,0.1,0.1,0.1,0.3,0.5,1.3
Tony Snell,SG,29,ATL,40,18,21.0,1.9,3.7,.517,1.4,2.5,.571,0.5,1.2,.408,.707,0.3,0.3,1.000,0.4,2.0,2.4,1.3,0.2,0.3,0.5,1.6,5.5
Ray Spalding,C,23,HOU,2,0,9.5,1.0,2.0,.500,0.0,0.5,.000,1.0,1.5,.667,.500,0.0,1.0,.000,1.0,1.0,2.0,0.0,0.0,1.0,1.5,1.5,2.0
Cassius Stanley,SG,21,IND,16,0,2.6,0.4,1.4,.273,0.1,0.4,.167,0.3,1.0,.313,.295,0.3,0.3,.800,0.3,0.4,0.7,0.0,0.0,0.1,0.1,0.6,1.1
Lamar Stevens,PF,23,CLE,39,0,12.6,1.6,3.5,.456,0.1,0.6,.160,1.5,2.8,.523,.471,0.9,1.3,.725,0.6,1.8,2.5,0.6,0.4,0.3,0.6,1.3,4.2
Isaiah Stewart,C,19,DET,59,7,20.3,3.2,5.5,.579,0.2,0.5,.419,2.9,4.9,.596,.599,0.8,1.3,.676,2.4,4.1,6.6,0.9,0.5,1.1,1.0,2.6,7.4
Max Strus,SF,24,MIA,32,0,12.1,2.0,4.3,.457,1.2,3.5,.351,0.8,0.8,.889,.598,0.3,0.5,.647,0.1,0.8,0.8,0.5,0.2,0.0,0.2,1.1,5.5
Edmond Sumner,SG,25,IND,46,17,15.5,2.6,5.0,.526,0.7,1.7,.403,2.0,3.3,.588,.593,1.1,1.4,.794,0.3,1.3,1.7,0.9,0.6,0.2,0.9,1.5,7.0
Jae'Sean Tate,SF,25,HOU,61,49,29.0,4.4,8.6,.514,0.8,2.7,.291,3.6,5.9,.617,.560,1.4,1.9,.718,2.0,3.4,5.3,2.3,1.3,0.6,1.2,3.1,11.0
Jayson Tatum,SF,22,BOS,54,54,35.7,9.3,20.4,.455,2.9,7.6,.385,6.4,12.9,.496,.526,4.3,5.0,.869,0.7,6.7,7.4,4.4,1.2,0.4,2.6,1.8,25.8
Jeff Teague,PG,32,TOT,45,6,17.9,2.2,5.3,.423,0.7,1.6,.429,1.6,3.8,.420,.485,1.6,1.8,.843,0.3,1.4,1.7,2.4,0.6,0.2,1.1,1.2,6.7
Jeff Teague,PG,32,BOS,34,5,18.1,2.3,5.5,.415,0.8,1.6,.464,1.5,3.9,.394,.484,1.5,1.8,.836,0.3,1.4,1.7,2.1,0.8,0.2,1.1,1.3,6.9
Jeff Teague,PG,32,MIL,11,1,17.1,2.1,4.6,.451,0.4,1.3,.286,1.7,3.4,.514,.490,1.7,2.0,.864,0.3,1.5,1.7,3.4,0.2,0.3,0.9,0.9,6.3
Garrett Temple,SG,34,CHI,44,18,26.8,2.9,7.0,.415,1.3,3.7,.337,1.6,3.3,.503,.505,0.8,0.9,.825,0.5,2.4,2.9,2.2,0.8,0.5,1.0,2.3,7.8
Tyrell Terry,PG,20,DAL,11,0,5.1,0.5,1.5,.313,0.0,0.6,.000,0.5,0.8,.556,.313,0.1,0.3,.333,0.0,0.5,0.5,0.5,0.5,0.0,0.2,0.2,1.0
Daniel Theis,C,28,TOT,57,43,24.2,3.8,6.9,.540,0.7,2.4,.313,3.0,4.6,.656,.593,1.1,1.6,.670,1.3,3.8,5.2,1.7,0.6,0.9,1.0,2.6,9.4
Daniel Theis,C,28,BOS,42,37,24.5,3.8,6.9,.552,0.8,2.3,.347,3.0,4.6,.653,.609,1.1,1.6,.687,1.3,4.0,5.2,1.6,0.6,1.0,1.0,2.9,9.5
Daniel Theis,C,28,CHI,15,6,23.3,3.7,7.2,.509,0.6,2.6,.231,3.1,4.6,.667,.551,1.1,1.8,.630,1.4,3.5,4.9,1.9,0.5,0.6,1.1,1.8,9.1
Brodric Thomas,SG,24,TOT,19,1,8.6,0.7,2.6,.286,0.3,1.4,.192,0.5,1.2,.391,.337,0.9,1.2,.783,0.2,0.8,0.9,0.7,0.4,0.3,0.6,0.9,2.7
Brodric Thomas,SG,24,HOU,4,0,6.0,0.5,1.8,.286,0.3,1.5,.167,0.3,0.3,1.000,.357,1.3,1.8,.714,0.3,0.8,1.0,1.0,0.3,0.3,1.0,1.3,2.5
Brodric Thomas,SG,24,CLE,15,1,9.3,0.8,2.8,.286,0.3,1.3,.200,0.5,1.5,.364,.333,0.9,1.1,.813,0.1,0.8,0.9,0.7,0.4,0.3,0.5,0.9,2.7
Isaiah Thomas,PG,31,NOP,3,0,16.0,3.0,9.0,.333,1.0,4.0,.250,2.0,5.0,.400,.389,0.7,0.7,1.000,0.3,1.0,1.3,1.7,0.3,0.0,2.0,1.0,7.7
Matt Thomas,SG,26,TOT,35,0,7.5,1.0,2.7,.358,0.6,1.8,.323,0.4,0.9,.424,.463,0.2,0.2,.857,0.1,0.8,0.9,0.4,0.1,0.0,0.3,0.4,2.7
Matt Thomas,SG,26,TOR,26,0,7.4,0.9,2.4,.387,0.7,1.6,.415,0.3,0.8,.333,.524,0.2,0.3,.857,0.1,0.7,0.8,0.3,0.1,0.0,0.2,0.4,2.7
Matt Thomas,SG,26,UTA,9,0,7.8,1.1,3.7,.303,0.3,2.3,.143,0.8,1.3,.583,.348,0.0,0.0,0,0.2,1.0,1.2,0.6,0.1,0.0,0.6,0.6,2.6
Tristan Thompson,PF,29,BOS,45,36,23.2,3.3,6.2,.531,0.0,0.1,.000,3.3,6.1,.536,.531,1.4,2.3,.615,3.1,5.1,8.2,1.1,0.4,0.5,1.1,2.1,8.0
Sindarius Thornwell,SG,26,NOP,14,1,5.2,0.5,1.5,.333,0.2,0.6,.333,0.3,0.9,.333,.405,0.0,0.1,.000,0.1,0.3,0.4,0.3,0.4,0.1,0.3,0.2,1.2
Matisse Thybulle,SG,23,PHI,57,7,20.1,1.5,3.7,.410,0.6,2.2,.298,0.9,1.5,.570,.498,0.1,0.3,.500,0.5,1.5,2.0,0.9,1.5,1.0,0.4,2.0,3.8
Killian Tillie,C,22,MEM,13,0,9.0,0.9,3.0,.308,0.5,1.8,.250,0.5,1.2,.400,.385,0.3,0.4,.800,0.5,0.8,1.3,0.3,0.4,0.5,0.1,1.2,2.6
Xavier Tillman Sr.,PF,22,MEM,48,10,19.1,3.0,5.4,.550,0.4,1.2,.321,2.6,4.2,.614,.585,0.6,1.0,.660,1.3,3.1,4.4,1.3,0.8,0.6,0.7,2.2,6.9
Anthony Tolliver,PF,35,PHI,3,0,13.3,0.0,2.0,.000,0.0,1.3,.000,0.0,0.7,.000,.000,0.0,0.0,0,1.0,1.0,2.0,0.7,1.0,0.3,0.7,1.7,0.0
Obi Toppin,PF,22,NYK,51,0,11.1,1.6,3.4,.485,0.4,1.4,.296,1.2,2.0,.620,.547,0.3,0.4,.727,0.4,1.8,2.3,0.5,0.2,0.2,0.4,0.9,4.0
Juan Toscano-Anderson,SG,27,GSW,41,15,18.3,2.0,3.5,.583,0.6,1.5,.433,1.4,2.0,.690,.674,0.4,0.6,.739,0.6,3.4,4.0,2.3,0.6,0.4,1.0,1.9,5.1
Axel Toupane,SF,28,MIL,8,1,7.6,0.5,1.4,.364,0.1,0.3,.500,0.4,1.1,.333,.409,0.6,0.9,.714,0.0,0.8,0.8,0.5,0.3,0.4,0.0,0.8,1.8
Karl-Anthony Towns,C,25,MIN,39,39,34.3,8.6,17.6,.491,2.5,6.2,.397,6.2,11.4,.542,.561,5.1,5.8,.868,2.7,8.2,10.9,4.6,0.7,1.4,3.2,3.6,24.8
Gary Trent Jr.,SG,22,TOT,55,35,30.9,5.5,13.3,.415,2.9,7.3,.389,2.7,6.0,.447,.522,1.3,1.7,.780,0.4,2.1,2.5,1.4,1.0,0.2,0.7,1.5,15.2
Gary Trent Jr.,SG,22,POR,41,23,30.8,5.3,12.8,.414,3.0,7.4,.397,2.3,5.3,.438,.530,1.4,1.8,.773,0.5,1.7,2.2,1.4,0.9,0.1,0.8,1.5,15.0
Gary Trent Jr.,SG,22,TOR,14,12,31.2,6.2,14.9,.416,2.6,7.1,.364,3.6,7.9,.464,.502,0.9,1.1,.813,0.1,3.4,3.4,1.4,1.2,0.2,0.7,1.5,15.9
P.J. Tucker,PF,35,TOT,41,32,27.1,1.4,3.7,.366,0.8,2.5,.327,0.6,1.3,.442,.474,0.4,0.6,.783,1.0,3.2,4.2,1.2,0.8,0.5,0.9,2.5,4.0
P.J. Tucker,PF,35,HOU,32,32,30.0,1.5,4.1,.366,0.8,2.7,.314,0.7,1.4,.467,.469,0.6,0.7,.783,1.0,3.6,4.6,1.4,0.9,0.6,1.0,2.8,4.4
P.J. Tucker,PF,35,MIL,9,0,17.1,0.9,2.4,.364,0.7,1.7,.400,0.2,0.8,.286,.500,0.0,0.0,0,1.0,1.9,2.9,0.6,0.3,0.2,0.2,1.1,2.4
Rayjon Tucker,PG,23,PHI,11,0,3.6,0.4,0.7,.500,0.2,0.3,.667,0.2,0.5,.400,.625,1.1,1.3,.857,0.1,0.6,0.7,0.4,0.1,0.0,0.2,0.4,2.0
Myles Turner,C,24,IND,47,47,31.0,4.4,9.2,.477,1.5,4.4,.335,2.9,4.8,.606,.557,2.4,3.0,.782,1.3,5.2,6.5,1.0,0.9,3.4,1.4,3.5,12.6
Jonas Valančiūnas,C,28,MEM,50,49,28.0,7.0,12.1,.580,0.3,1.0,.333,6.7,11.2,.601,.593,2.6,3.4,.774,4.2,8.4,12.6,1.8,0.5,0.7,1.7,2.9,17.0
Denzel Valentine,SG,27,CHI,53,3,17.6,2.7,7.0,.380,1.4,4.2,.327,1.3,2.8,.457,.477,0.2,0.3,.929,0.4,3.0,3.4,1.7,0.5,0.1,0.7,1.1,6.9
Jarred Vanderbilt,PF,21,MIN,53,25,17.2,2.1,3.5,.591,0.0,0.1,.250,2.1,3.4,.599,.594,1.0,1.8,.564,1.7,3.8,5.5,1.3,0.9,0.8,0.9,1.9,5.2
Fred VanVleet,SG,26,TOR,47,47,36.1,6.4,16.4,.394,3.3,9.0,.372,3.1,7.4,.421,.496,3.4,3.8,.888,0.6,3.6,4.1,6.2,1.7,0.8,1.9,2.4,19.6
Devin Vassell,SF,20,SAS,49,1,16.1,1.8,4.4,.407,0.9,2.2,.394,0.9,2.1,.419,.507,0.6,0.7,.879,0.4,2.2,2.6,0.9,0.8,0.3,0.4,1.4,5.0
Gabe Vincent,PG,24,MIA,42,6,13.4,1.8,4.8,.369,0.9,3.1,.287,0.9,1.8,.514,.461,0.5,0.5,.870,0.2,0.9,1.1,1.3,0.4,0.0,0.7,1.6,4.9
Noah Vonleh,PF,25,BRK,4,0,2.8,0.0,0.8,.000,0.0,0.5,.000,0.0,0.3,.000,.000,0.0,0.0,0,0.0,0.3,0.3,0.3,0.0,0.0,0.5,0.5,0.0
Nikola Vučević,C,30,TOT,61,61,33.5,9.7,19.8,.488,2.6,6.2,.413,7.1,13.6,.523,.553,2.0,2.4,.833,2.0,9.3,11.3,3.8,1.0,0.7,1.8,1.9,23.9
Nikola Vučević,C,30,ORL,44,44,34.1,9.9,20.6,.480,2.7,6.5,.406,7.3,14.1,.515,.545,2.1,2.5,.827,2.0,9.8,11.8,3.8,1.0,0.6,1.9,1.8,24.5
Nikola Vučević,C,30,CHI,17,17,31.8,9.1,17.8,.513,2.3,5.3,.433,6.8,12.5,.547,.578,1.7,2.0,.853,2.1,8.1,10.2,3.7,1.0,0.8,1.5,2.1,22.2
Dean Wade,PF,24,CLE,50,13,17.0,1.9,4.4,.429,1.1,3.0,.365,0.8,1.4,.563,.553,0.3,0.4,.762,0.5,2.6,3.0,1.1,0.5,0.4,0.4,1.1,5.2
Moritz Wagner,C,23,TOT,34,14,12.8,1.9,4.0,.485,0.4,1.4,.313,1.5,2.6,.580,.540,1.2,1.6,.778,0.5,2.2,2.7,1.1,0.6,0.3,0.9,2.1,5.6
Moritz Wagner,C,23,WAS,25,13,15.0,2.5,4.9,.508,0.5,1.7,.310,2.0,3.2,.613,.561,1.6,2.1,.788,0.5,2.4,2.9,1.3,0.9,0.3,0.8,2.5,7.1
Moritz Wagner,C,23,BOS,9,1,6.8,0.4,1.6,.286,0.2,0.7,.333,0.2,0.9,.250,.357,0.1,0.2,.500,0.3,1.8,2.1,0.7,0.0,0.1,1.0,1.1,1.2
Kemba Walker,PG,30,BOS,38,38,31.5,6.2,15.3,.409,2.8,8.1,.349,3.4,7.2,.476,.501,2.9,3.1,.932,0.3,3.6,3.9,5.0,1.1,0.3,2.1,1.4,18.2
Lonnie Walker,SG,22,SAS,47,31,24.9,4.1,9.9,.416,1.6,4.6,.355,2.5,5.3,.468,.498,1.1,1.3,.794,0.2,2.4,2.6,1.6,0.5,0.3,1.1,1.8,10.9
John Wall,PG,30,HOU,40,40,32.2,7.3,18.2,.404,2.0,6.2,.317,5.4,11.9,.449,.458,4.0,5.3,.749,0.4,2.8,3.2,6.9,1.1,0.8,3.5,1.2,20.6
Brad Wanamaker,PG,31,TOT,52,0,16.7,1.8,4.8,.371,0.3,1.5,.200,1.5,3.3,.450,.402,1.4,1.6,.881,0.2,1.4,1.7,2.8,0.7,0.2,1.2,1.5,5.3
Brad Wanamaker,PG,31,GSW,39,0,16.0,1.6,4.4,.353,0.3,1.6,.213,1.2,2.9,.429,.390,1.3,1.4,.893,0.2,1.5,1.7,2.5,0.7,0.2,0.9,1.4,4.7
Brad Wanamaker,PG,31,CHO,13,0,18.5,2.5,6.0,.410,0.2,1.5,.158,2.2,4.5,.492,.429,1.8,2.2,.857,0.3,1.2,1.5,3.8,0.8,0.2,1.8,1.8,7.0
T.J. Warren,SF,27,IND,4,4,29.3,6.8,12.8,.529,0.0,1.8,.000,6.8,11.0,.614,.529,2.0,2.5,.800,0.5,3.0,3.5,1.3,0.5,0.0,1.0,4.0,15.5
P.J. Washington,PF,22,CHO,52,49,29.5,4.4,10.1,.433,1.6,4.1,.392,2.8,6.0,.462,.512,1.8,2.4,.766,1.4,4.9,6.3,2.6,1.0,1.3,2.1,2.6,12.2
Yuta Watanabe,SF,26,TOR,41,1,13.4,1.4,3.2,.447,0.6,1.6,.406,0.8,1.7,.485,.545,0.5,0.6,.826,0.8,2.4,3.2,0.7,0.5,0.4,0.4,1.1,4.0
Tremont Waters,PG,23,BOS,17,1,7.3,0.9,2.4,.366,0.4,1.1,.389,0.5,1.4,.348,.451,0.8,0.8,.929,0.2,0.5,0.6,2.1,0.6,0.0,0.8,0.5,2.9
Paul Watson,SF,26,TOR,27,2,11.0,1.4,3.0,.463,1.1,2.4,.469,0.3,0.7,.444,.646,0.2,0.3,.625,0.1,1.5,1.7,0.6,0.2,0.1,0.3,1.3,4.1
Quinndary Weatherspoon,SG,24,SAS,17,0,4.5,0.4,0.9,.375,0.0,0.1,.000,0.4,0.8,.429,.375,0.4,0.5,.875,0.1,0.2,0.4,0.3,0.4,0.1,0.5,0.8,1.1
Russell Westbrook,PG,32,WAS,52,52,35.6,8.3,18.9,.440,1.3,4.1,.318,7.0,14.8,.473,.474,3.9,6.3,.625,1.7,9.5,11.1,10.9,1.3,0.3,5.0,2.8,21.9
Coby White,PG,20,CHI,57,42,30.7,5.3,12.8,.417,2.1,6.2,.347,3.2,6.6,.483,.501,1.9,2.1,.917,0.4,3.7,4.1,4.5,0.6,0.2,2.2,2.5,14.8
Derrick White,SG,26,SAS,35,31,29.8,5.2,12.7,.410,2.4,6.8,.351,2.8,5.9,.478,.504,2.7,3.1,.855,0.4,2.6,3.0,3.6,0.7,1.0,1.3,2.6,15.5
Hassan Whiteside,C,31,SAC,36,4,15.2,3.5,6.2,.563,0.0,0.0,.000,3.5,6.2,.565,.563,1.1,2.2,.519,1.7,4.3,6.0,0.6,0.3,1.3,1.1,2.0,8.1
Greg Whittington,PF,27,DEN,4,0,3.0,0.0,0.8,.000,0.0,0.5,.000,0.0,0.3,.000,.000,0.0,0.0,0,0.0,0.0,0.0,0.0,0.0,0.0,0.0,0.0,0.0
Andrew Wiggins,PF,25,GSW,60,60,33.0,6.8,14.5,.472,2.0,5.2,.381,4.9,9.3,.523,.541,2.4,3.5,.697,1.0,3.8,4.8,2.3,1.0,1.0,1.8,2.2,18.1
Grant Williams,PF,22,BOS,52,8,18.7,1.6,3.8,.419,0.7,2.0,.358,0.9,1.8,.489,.515,0.4,0.8,.550,0.8,2.1,2.9,1.0,0.6,0.4,0.9,2.6,4.3
Kenrich Williams,PF,26,OKC,60,11,21.2,3.1,6.0,.527,0.8,1.7,.446,2.4,4.3,.559,.590,0.6,1.0,.579,1.3,2.9,4.2,2.2,0.8,0.2,1.1,2.1,7.6
Lou Williams,PG,34,TOT,55,3,22.2,4.3,10.3,.418,1.1,2.8,.388,3.3,7.6,.429,.470,2.4,2.7,.874,0.3,1.6,1.9,3.4,0.8,0.1,1.6,1.0,12.1
Lou Williams,PG,34,LAC,42,3,21.9,4.3,10.2,.421,1.1,2.8,.378,3.2,7.4,.437,.473,2.5,2.8,.866,0.4,1.7,2.1,3.4,0.9,0.1,1.6,1.0,12.1
Lou Williams,PG,34,ATL,13,0,23.4,4.4,10.7,.410,1.1,2.5,.424,3.3,8.2,.406,.460,2.2,2.5,.906,0.2,1.2,1.5,3.2,0.5,0.1,1.7,0.9,12.1
Patrick Williams,PF,19,CHI,59,59,28.2,3.6,7.5,.482,0.8,2.0,.381,2.8,5.5,.519,.533,1.2,1.6,.755,0.9,3.8,4.7,1.4,0.9,0.6,1.4,1.9,9.2
Robert Williams,C,23,BOS,47,10,18.9,3.7,5.1,.720,0.0,0.0,.000,3.7,5.0,.726,.720,0.9,1.4,.646,2.6,4.4,7.0,1.8,0.8,1.8,1.0,2.1,8.2
Zion Williamson,PF,20,NOP,55,55,33.0,10.4,16.9,.617,0.2,0.5,.300,10.2,16.3,.628,.622,6.0,8.6,.700,2.7,4.6,7.3,3.6,0.9,0.7,2.6,2.3,27.0
D.J. Wilson,PF,24,TOT,32,1,11.5,1.8,4.5,.410,0.8,2.4,.342,1.0,2.1,.485,.500,0.4,0.7,.619,0.5,2.4,2.9,0.6,0.3,0.5,0.6,1.2,4.9
D.J. Wilson,PF,24,MIL,12,0,8.8,1.3,3.6,.372,0.8,2.3,.357,0.5,1.3,.400,.488,0.1,0.2,.500,0.3,1.8,2.1,0.3,0.1,0.3,0.3,1.1,3.6
D.J. Wilson,PF,24,HOU,20,1,13.2,2.2,5.1,.426,0.8,2.4,.333,1.4,2.7,.509,.505,0.6,1.0,.632,0.6,2.8,3.4,0.8,0.5,0.6,0.8,1.3,5.7
Dylan Windler,SF,24,CLE,31,0,16.5,1.8,4.2,.438,0.8,2.5,.338,1.0,1.7,.585,.538,0.7,0.9,.778,0.6,2.8,3.5,1.1,0.6,0.4,1.0,1.2,5.2
Justise Winslow,SF,24,MEM,19,0,20.2,2.9,8.6,.344,0.3,2.2,.143,2.6,6.4,.413,.362,0.5,0.9,.556,0.7,3.7,4.4,1.8,0.7,0.4,1.6,1.9,6.7
Cassius Winston,PG,22,WAS,18,0,5.1,0.7,1.7,.419,0.4,0.9,.500,0.3,0.8,.333,.548,0.3,0.3,.833,0.0,0.5,0.5,0.6,0.1,0.1,0.1,0.4,2.2
James Wiseman,C,19,GSW,39,27,21.4,4.9,9.4,.519,0.3,1.0,.316,4.6,8.5,.542,.535,1.4,2.2,.628,1.4,4.4,5.8,0.7,0.3,0.9,1.5,3.1,11.5
Christian Wood,C,25,HOU,37,37,32.0,8.1,15.5,.523,1.8,4.8,.376,6.3,10.7,.588,.581,2.9,4.6,.634,1.8,7.7,9.5,1.5,0.9,1.2,1.9,2.1,21.0
Robert Woodard,SF,21,SAC,11,0,2.6,0.6,1.3,.500,0.1,0.4,.250,0.5,0.9,.600,.536,0.3,0.7,.375,0.3,0.7,1.0,0.0,0.0,0.2,0.1,0.2,1.6
Delon Wright,SG,28,DET,36,31,29.2,3.8,8.1,.464,0.9,2.5,.348,2.9,5.7,.515,.517,2.0,2.5,.789,1.0,3.5,4.6,5.0,1.6,0.5,1.3,1.3,10.4
Delon Wright,PG,28,SAC,14,0,20.7,2.7,6.1,.447,1.0,2.3,.438,1.7,3.8,.453,.529,1.5,1.6,.913,0.6,2.0,2.6,2.1,1.2,0.1,0.6,0.7,7.9
Thaddeus Young,PF,32,CHI,56,17,24.0,5.5,9.6,.578,0.2,0.6,.278,5.3,8.9,.599,.587,1.0,1.5,.635,2.4,3.7,6.1,4.1,1.1,0.6,2.0,2.4,12.2
Trae Young,PG,22,ATL,54,54,34.2,7.6,17.8,.429,2.3,6.4,.357,5.4,11.4,.470,.493,7.7,8.8,.874,0.6,3.3,3.9,9.6,0.9,0.2,4.2,1.9,25.3
Cody Zeller,C,28,CHO,38,20,21.0,3.6,6.7,.542,0.1,0.7,.120,3.5,6.0,.588,.547,1.7,2.2,.741,2.6,4.3,6.9,1.9,0.6,0.4,1.1,2.4,8.9
Ivica Zubac,C,23,LAC,62,23,22.4,3.6,5.6,.644,0.0,0.0,.000,3.6,5.6,.649,.644,2.0,2.5,.786,2.7,4.6,7.3,1.2,0.4,0.9,1.1,2.6,9.2
